species,fb,wall,orn,shape,volume,genus,family,order,class,phylum
Acanthostigma.sp1.,Pyrenoid,Thin,No,2.236842105,96.39977058,Acanthostigma,Tubeufiaceae,Tubeufiales,Dothideomycetes,Ascomycota
Acrogenospora.carmichaeliana,Pyrenoid,Thick,No,2.142857143,1948.278319,Acrogenospora,Hysteriaceae,Hysteriales,Dothideomycetes,Ascomycota
Actidium.hysterioides,Pyrenoid,Thin,No,6.444444444,57.65313393,Actidium,Mytilinidiaceae,Mytilinidiales,Dothideomycetes,Ascomycota
Alutaceodontia.alutacea,Resupinate,Thin,No,4.242424242,14.9677255,Alutaceodontia,Schizoporaceae,Hymenochaetales,Agaricomycetes,Basidiomycota
Amphinema.byssoides,Resupinate,Thick,No,1.8,22.08932335,Amphinema,Atheliaceae,Atheliales,Agaricomycetes,Basidiomycota
Amphisphaerella.dispersella,Pyrenoid,Thick,No,2.666666667,1526.81403,Amphisphaerella,Phlogicylindriaceae,Xylariales,Sordariomycetes,Ascomycota
Amphisphaeria.bertiana,Pyrenoid,Thick,No,2.444444444,174.9474409,Amphisphaeria,Amphisphaeriaceae,Xylariales,Sordariomycetes,Ascomycota
Amylocorticiellum.cremeoisabellinum,Resupinate,Thick,No,1.714285714,57.72676501,Amylocorticiellum,Amylocorticiaceae,Boletales,Agaricomycetes,Basidiomycota
Amylocorticiellum.subillaqueatum,Resupinate,Thick,No,1.777777778,15.90431281,Amylocorticiellum,Amylocorticiaceae,Boletales,Agaricomycetes,Basidiomycota
Amylocorticium.cebennence,Resupinate,Thin,No,3,26.83852786,Amylocorticium,Amylocorticiaceae,Boletales,Agaricomycetes,Basidiomycota
Amylocorticium.pedunculatum,Resupinate,Thin,No,1.384615385,37.33095645,Amylocorticium,Amylocorticiaceae,Boletales,Agaricomycetes,Basidiomycota
Amylocystis.lapponica,Pileate,Thin,No,2.644067797,53.31243463,Amylocystis,Fomitopsidaceae,Polyporales,Agaricomycetes,Basidiomycota
Amyloporia.sinuosa,Resupinate,Thin,No,3.40625,10.95787518,Amyloporia,Polyporaceae,Polyporales,Agaricomycetes,Basidiomycota
Amylostereum.chailletii,Pileate,Thin,No,2.545454545,41.57701527,Amylostereum,Amylostereaceae,Russulales,Agaricomycetes,Basidiomycota
Amyloxenasma.grisellum,Resupinate,Thin,No,2,32.66765486,Amyloxenasma,Amylocorticiaceae,Boletales,Agaricomycetes,Basidiomycota
Annulohypoxylon.multiforme,Stromatoid,Thin,No,2.105263158,177.2054606,Annulohypoxylon,Xylariaceae,Xylariales,Sordariomycetes,Ascomycota
Antrodia.albobrunnea,Resupinate,Thin,No,3.181818182,11.22579412,Antrodia,Fomitopsidaceae,Polyporales,Agaricomycetes,Basidiomycota
Antrodia.macra,Resupinate,Thin,No,2.520547945,96.26389669,Antrodia,Fomitopsidaceae,Polyporales,Agaricomycetes,Basidiomycota
Antrodia.pulvinascens,Resupinate,Thin,No,2.142857143,52.60351462,Antrodia,Fomitopsidaceae,Polyporales,Agaricomycetes,Basidiomycota
Antrodia.serialis,Pileate,Thin,No,2.454545455,40.09212187,Antrodia,Fomitopsidaceae,Polyporales,Agaricomycetes,Basidiomycota
Antrodia.xantha,Resupinate,Thin,No,3.034482759,7.26571841,Antrodia,Fomitopsidaceae,Polyporales,Agaricomycetes,Basidiomycota
Antrodiella.pallescens,Resupinate,Thin,No,1.894736842,10.20703453,Antrodiella,Phanerochaetaceae,Polyporales,Agaricomycetes,Basidiomycota
Antrodiella.romellii,Resupinate,Thin,No,1.666666667,14.91029326,Antrodiella,Phanerochaetaceae,Polyporales,Agaricomycetes,Basidiomycota
Aphanobasidium.pseudotsugae,Resupinate,Thin,No,1.733333333,71.79030087,Aphanobasidium,Pterulaceae,Agaricales,Agaricomycetes,Basidiomycota
Arachnopeziza.aurata,Discoid,Thin,No,29.51219512,199.6884648,Arachnopeziza,Arachnopezizaceae,Helotiales,Leotiomycetes,Ascomycota
Arachnopeziza.cf.aranea,Discoid,Thin,No,4.8,58.90486225,Arachnopeziza,Arachnopezizaceae,Helotiales,Leotiomycetes,Ascomycota
Arachnopeziza.cornuta,Discoid,Thin,No,4.936170213,50.31339175,Arachnopeziza,Arachnopezizaceae,Helotiales,Leotiomycetes,Ascomycota
Arachnopeziza.joannea,Discoid,Thin,No,4.62962963,71.56940764,Arachnopeziza,Arachnopezizaceae,Helotiales,Leotiomycetes,Ascomycota
Arachnopeziza.sp.nov,Discoid,Thin,No,4.844884488,105.8525181,Arachnopeziza,Arachnopezizaceae,Helotiales,Leotiomycetes,Ascomycota
Arachnopeziza.sp1.,Discoid,Thin,No,4.5,226.1946711,Arachnopeziza,Arachnopezizaceae,Helotiales,Leotiomycetes,Ascomycota
Arachnopeziza.sp3.,Discoid,Thin,No,4.166666667,88.35729338,Arachnopeziza,Arachnopezizaceae,Helotiales,Leotiomycetes,Ascomycota
Armillaria.borealis,Gilled,Thin,No,1.55,152.1708942,Armillaria,Physalacriaceae,Agaricales,Agaricomycetes,Basidiomycota
Arrhenia.epichysium,Gilled,Thin,No,1.764705882,106.3969074,Arrhenia,Tricholomataceae,Agaricales,Agaricomycetes,Basidiomycota
Artomyces.cristatus,Branched,Thin,No,1.071428571,288.633825,Artomyces,Auriscalpiaceae,Russulales,Agaricomycetes,Basidiomycota
Artomyces.pyxidatus,Branched,Thin,Yes,1.615384615,22.29902466,Artomyces,Auriscalpiaceae,Russulales,Agaricomycetes,Basidiomycota
Ascocorticium.anomalum,Resupinate,Thin,No,2.428571429,10.22244797,Ascocorticium,Ascocorticiaceae,Helotiales,Leotiomycetes,Ascomycota
Ascocoryne.cylichnium,Discoid,Thick,No,3.826086957,571.2789891,Ascocoryne,Helotiaceae,Helotiales,Leotiomycetes,Ascomycota
Ascocoryne.sarcoides,Discoid,Thick,No,3.333333333,238.5646921,Ascocoryne,Helotiaceae,Helotiales,Leotiomycetes,Ascomycota
Asterodon.ferruginosus,Resupinate,Thick,No,1.5,75.39822369,Asterodon,Hymenochaetaceae,Hymenochaetales,Agaricomycetes,Basidiomycota
Asterostroma.laxum,Resupinate,Thin,Yes,1,269.39157,Asterostroma,Lachnocladiaceae,Russulales,Agaricomycetes,Basidiomycota
Athelia.acrospora,Resupinate,Thin,No,2.272727273,37.12233507,Athelia,Atheliaceae,Atheliales,Agaricomycetes,Basidiomycota
Athelia.decipiens,Resupinate,Thin,No,1.461538462,39.40489848,Athelia,Atheliaceae,Atheliales,Agaricomycetes,Basidiomycota
Athelia.epiphylla.coll,Resupinate,Thin,No,1.956521739,292.1313012,Athelia,Atheliaceae,Atheliales,Agaricomycetes,Basidiomycota
Athelia.neuhoffii,Resupinate,Thin,No,1.473684211,124.0438224,Athelia,Atheliaceae,Atheliales,Agaricomycetes,Basidiomycota
Athelopsis.glaucina,Resupinate,Thin,No,4.222222222,37.77274292,Athelopsis,Atheliaceae,Atheliales,Agaricomycetes,Basidiomycota
Athelopsis.subinconspicua,Resupinate,Thin,No,1.647058824,99.30378028,Athelopsis,Atheliaceae,Atheliales,Agaricomycetes,Basidiomycota
Auricularia.auricula.judae,Discoid,Thin,No,2.631578947,221.5068258,Auricularia,Auriculariaceae,Auriculariales,Agaricomycetes,Basidiomycota
Basidiodendron.caesiocinereum,Resupinate,Thick,Yes,0.941176471,453.9601384,Basidiodendron,Auriculariaceae,Auriculariales,Agaricomycetes,Basidiomycota
Basidiodendron.cinereum,Resupinate,Thick,No,1.357142857,365.6028451,Basidiodendron,Auriculariaceae,Auriculariales,Agaricomycetes,Basidiomycota
Basidioradulum.crustosum,Resupinate,Thin,No,2,32.66765486,Basidioradulum,Schizoporaceae,Hymenochaetales,Agaricomycetes,Basidiomycota
Bertia.moriformis,Pyrenoid,Thin,No,6.956521739,1038.689071,Bertia,Bertiaceae,Coronophorales,Sordariomycetes,Ascomycota
Bisporella.citrina,Discoid,Thin,No,3.03030303,85.52985999,Bisporella,Helotiaceae,Helotiales,Leotiomycetes,Ascomycota
Bjerkandera.adusta,Pileate,Thin,No,1.727272727,28.21297465,Bjerkandera,Meruliaceae,Polyporales,Agaricomycetes,Basidiomycota
Boidinia.furfuracea,Resupinate,Thin,Yes,1,98.17477042,Boidinia,Russulaceae,Russulales,Agaricomycetes,Basidiomycota
Bolbitius.reticulatus,Gilled,Thin,No,2,168.3451876,Bolbitius,Bolbitiaceae,Agaricales,Agaricomycetes,Basidiomycota
Boliniaceae.sp1.,Pyrenoid,Thick,No,2.501501502,72.54765011,Boliniaceae,Boliniaceae,Boliniales,Sordariomycetes,Ascomycota
Botryobasidium.botryosum,Resupinate,Thin,No,2.4,99.40195505,Botryobasidium,Botryobasidiaceae,Cantharellales,Agaricomycetes,Basidiomycota
Botryobasidium.conspersum,Resupinate,Thin,No,2.909090909,47.51658889,Botryobasidium,Botryobasidiaceae,Cantharellales,Agaricomycetes,Basidiomycota
Botryobasidium.intertextum,Resupinate,Thin,No,4.125,25.91813939,Botryobasidium,Botryobasidiaceae,Cantharellales,Agaricomycetes,Basidiomycota
Botryobasidium.laeve,Resupinate,Thin,Yes,2,53.92249266,Botryobasidium,Botryobasidiaceae,Cantharellales,Agaricomycetes,Basidiomycota
Botryobasidium.medium,Resupinate,Thin,No,1.909090909,249.4620916,Botryobasidium,Botryobasidiaceae,Cantharellales,Agaricomycetes,Basidiomycota
Botryobasidium.obtusisporum,Resupinate,Thin,No,2.105263158,177.2054606,Botryobasidium,Botryobasidiaceae,Cantharellales,Agaricomycetes,Basidiomycota
Botryobasidium.subcoronatum,Resupinate,Thin,No,2.454545455,40.09212187,Botryobasidium,Botryobasidiaceae,Cantharellales,Agaricomycetes,Basidiomycota
Botryohypochnus.isabellinus,Resupinate,Thin,Yes,1,482.3326471,Botryohypochnus,Botryobasidiaceae,Cantharellales,Agaricomycetes,Basidiomycota
Butyrea.luteoalbum,Resupinate,Thin,No,2.555555556,11.70557423,Butyrea,Meruliaceae,Polyporales,Agaricomycetes,Basidiomycota
Byssomerulius.corium,Pileate,Thin,No,2,42.41150082,Byssomerulius,Phanerochaetaceae,Polyporales,Agaricomycetes,Basidiomycota
Byssoporia.terrestris,Resupinate,Thick,No,1.285714286,43.29507376,Byssoporia,Atheliaceae,Atheliales,Agaricomycetes,Basidiomycota
Cabalodontia.bresadolae,Resupinate,Thin,No,2.076923077,55.99643468,Cabalodontia,Meruliaceae,Polyporales,Agaricomycetes,Basidiomycota
Cabalodontia.cretacea,Resupinate,Thin,No,4.285714286,18.03961407,Cabalodontia,Meruliaceae,Polyporales,Agaricomycetes,Basidiomycota
Cabalodontia.subcretacea,Resupinate,Thin,No,4.333333333,11.48644814,Cabalodontia,Meruliaceae,Polyporales,Agaricomycetes,Basidiomycota
Calocera.cornea,Branched,Thin,No,2.615384615,70.51402886,Calocera,Dacrymycetaceae,Dacrymycetales,Dacrymycetes,Basidiomycota
Calocera.furcata,Branched,Thin,No,3,101.0218388,Calocera,Dacrymycetaceae,Dacrymycetales,Dacrymycetes,Basidiomycota
Calocera.viscosa,Branched,Thin,No,2.25,113.0973355,Calocera,Dacrymycetaceae,Dacrymycetales,Dacrymycetes,Basidiomycota
Calycellina.guttulifera,Discoid,Thin,No,2.941176471,11.34900346,Calycellina,Hyaloscyphaceae,Helotiales,Leotiomycetes,Ascomycota
Calycellina.ochracea,Discoid,Thin,No,4.461538462,120.2886375,Calycellina,Hyaloscyphaceae,Helotiales,Leotiomycetes,Ascomycota
Calycellina.sp1.,Discoid,Thin,No,4.083333333,5.541769441,Calycellina,Hyaloscyphaceae,Helotiales,Leotiomycetes,Ascomycota
Calyptella.sp1.,Discoid,Thick,No,2.235294118,134.7694161,Calyptella,Marasmiaceae,Agaricales,Agaricomycetes,Basidiomycota
Camarops.lutea.pugillus.complex,Stromatoid,Thin,No,1.857142857,62.53732876,Camarops,Boliniaceae,Boliniales,Sordariomycetes,Ascomycota
Camarops.tubulina,Stromatoid,Thin,No,1.857142857,62.53732876,Camarops,Boliniaceae,Boliniales,Sordariomycetes,Ascomycota
Capitotricha.bicolor,Discoid,Thin,No,5.333333333,14.13716694,Capitotricha,Lachnaceae,Helotiales,Leotiomycetes,Ascomycota
Capronia.cf.mansonii,Pyrenoid,Thick,No,1.6,1256.637061,Capronia,Herpotrichiellaceae,Chaetothyriales,Eurotiomycetes,Ascomycota
Capronia.cf.pilosella,Pyrenoid,Thick,No,2.260869565,337.5739481,Capronia,Herpotrichiellaceae,Chaetothyriales,Eurotiomycetes,Ascomycota
Capronia.cf.semi.immersa,Pyrenoid,Thick,No,2.4,795.2156404,Capronia,Herpotrichiellaceae,Chaetothyriales,Eurotiomycetes,Ascomycota
Capronia.sp4.,Pyrenoid,Thick,No,2.4,795.2156404,Capronia,Herpotrichiellaceae,Chaetothyriales,Eurotiomycetes,Ascomycota
Capronia.sp5.,Pyrenoid,Thick,No,2.666666667,452.3893421,Capronia,Herpotrichiellaceae,Chaetothyriales,Eurotiomycetes,Ascomycota
Ceraceomyces.eludens,Resupinate,Thin,No,1.209677419,28.30378631,Ceraceomyces,Amylocorticiaceae,Boletales,Agaricomycetes,Basidiomycota
Ceraceomyces.microsporus,Resupinate,Thin,No,1.181818182,19.30361423,Ceraceomyces,Amylocorticiaceae,Boletales,Agaricomycetes,Basidiomycota
Ceraceomyces.serpens,Resupinate,Thin,No,2.111111111,18.88637146,Ceraceomyces,Amylocorticiaceae,Boletales,Agaricomycetes,Basidiomycota
Ceraceomyces.tessulatus,Resupinate,Thin,No,1.75,87.9645943,Ceraceomyces,Amylocorticiaceae,Boletales,Agaricomycetes,Basidiomycota
Ceratosebacina.longispora,Resupinate,Thin,No,6.25,314.1592654,Ceratosebacina,Exidiaceae,Auriculariales,Agaricomycetes,Basidiomycota
Ceratosphaeria.cf.subferruginea,Pyrenoid,Thin,No,3.25,551.3495107,Ceratosphaeria,Magnaporthaceae,Magnaporthales,Sordariomycetes,Ascomycota
Ceratosphaeria.lampadophora,Pyrenoid,Thin,No,11.9047619,692.7211801,Ceratosphaeria,Magnaporthaceae,Magnaporthales,Sordariomycetes,Ascomycota
Ceratosphaeria.rhenana,Pyrenoid,Thin,No,3.545454545,463.2867416,Ceratosphaeria,Magnaporthaceae,Magnaporthales,Sordariomycetes,Ascomycota
Ceratostomella.rostrata,Pyrenoid,Thin,No,3,12.62772985,Ceratostomella,Magnaporthaceae,Magnaporthales,Sordariomycetes,Ascomycota
Cerinomyces.crustulinus,Resupinate,Thin,No,3.076923077,82.95768101,Cerinomyces,Dacrymycetaceae,Dacrymycetales,Dacrymycetes,Basidiomycota
Cerioporus.leptocephalus,Pileate,Thin,No,2.304347826,74.31820304,Cerioporus,Polyporaceae,Polyporales,Agaricomycetes,Basidiomycota
Cerioporus.mollis,Pileate,Thin,No,3.142857143,105.8324025,Cerioporus,Polyporaceae,Polyporales,Agaricomycetes,Basidiomycota
Ceriporia.excelsa,Resupinate,Thin,No,1.888888889,16.89833236,Ceriporia,Phanerochaetaceae,Polyporales,Agaricomycetes,Basidiomycota
Ceriporia.reticulata,Resupinate,Thin,No,2.5,53.01437603,Ceriporia,Phanerochaetaceae,Polyporales,Agaricomycetes,Basidiomycota
Ceriporia.viridans,Resupinate,Thin,No,2,12.56637061,Ceriporia,Phanerochaetaceae,Polyporales,Agaricomycetes,Basidiomycota
Ceriporiopsis.resinascens,Resupinate,Thin,No,2.269230769,31.32482035,Ceriporiopsis,Phanerochaetaceae,Polyporales,Agaricomycetes,Basidiomycota
Cerrena.unicolor,Pileate,Thin,No,1.684210526,30.62110359,Cerrena,Polyporaceae,Polyporales,Agaricomycetes,Basidiomycota
Chaetoderma.luna,Resupinate,Thin,No,2.777777778,198.8039101,Chaetoderma,Gloeophyllaceae,Russulales,Agaricomycetes,Basidiomycota
Chaetosphaeria.cf.cupulifera,Pyrenoid,Thin,No,5.444444444,389.6556638,Chaetosphaeria,Chaetosphaeriaceae,Chaetosphaeriales,Sordariomycetes,Ascomycota
Chaetosphaeria.myriocarpa,Pyrenoid,Thin,No,2.4,29.45243113,Chaetosphaeria,Chaetosphaeriaceae,Chaetosphaeriales,Sordariomycetes,Ascomycota
Chaetosphaeria.sp1.,Pyrenoid,Thin,No,12.66666667,268.6061719,Chaetosphaeria,Chaetosphaeriaceae,Chaetosphaeriales,Sordariomycetes,Ascomycota
Chaetosphaeria.sp2.,Pyrenoid,Thin,No,3.069767442,191.6905589,Chaetosphaeria,Chaetosphaeriaceae,Chaetosphaeriales,Sordariomycetes,Ascomycota
Chaetosphaeria.vermicularioides,Pyrenoid,Thin,No,3.4,41.72427743,Chaetosphaeria,Chaetosphaeriaceae,Chaetosphaeriales,Sordariomycetes,Ascomycota
Cheimonophyllum.candidissimum,Gilled,Thin,No,1.1,107.9922475,Cheimonophyllum,Cyphellaceae,Agaricales,Agaricomycetes,Basidiomycota
Chlorencoelia.versiformis,Discoid,Thin,No,4.333333333,91.89158512,Chlorencoelia,Hemiphacidiaceae,Helotiales,Leotiomycetes,Ascomycota
Chlorociboria.aeruginascens,Discoid,Thin,No,3.285714286,13.83037078,Chlorociboria,Chlorociboriaceae,Helotiales,Leotiomycetes,Ascomycota
Chlorociboria.aeruginosa,Discoid,Thin,No,3.833333333,81.28870991,Chlorociboria,Chlorociboriaceae,Helotiales,Leotiomycetes,Ascomycota
Chrysomphalina.chrysophylla,Gilled,Thin,No,1.909090909,249.4620916,Chrysomphalina,Hygrophoraceae,Agaricales,Agaricomycetes,Basidiomycota
Ciliolarina.aff.pinicola,Discoid,Thin,No,2.5,125.6637061,Ciliolarina,Hyaloscyphaceae,Helotiales,Leotiomycetes,Ascomycota
Ciliolarina.cf.laetifica,Discoid,Thin,No,2.577777778,23.06125357,Ciliolarina,Hyaloscyphaceae,Helotiales,Leotiomycetes,Ascomycota
Ciliolarina.concortica,Discoid,Thin,No,2.763157895,14.88525869,Ciliolarina,Hyaloscyphaceae,Helotiales,Leotiomycetes,Ascomycota
Ciliolarina.neglecta,Discoid,Thin,No,2.94,9.449910702,Ciliolarina,Hyaloscyphaceae,Helotiales,Leotiomycetes,Ascomycota
Ciliolarina.sp1.,Discoid,Thin,No,3.481481481,53.82019454,Ciliolarina,Hyaloscyphaceae,Helotiales,Leotiomycetes,Ascomycota
Cinereomyces.lindbladii,Resupinate,Thin,No,2.7,16.96460033,Cinereomyces,Polyporaceae,Polyporales,Agaricomycetes,Basidiomycota
Cistella.cf.geelmyedenii,Discoid,Thin,No,3.157894737,17.01172422,Cistella,Hyaloscyphaceae,Helotiales,Leotiomycetes,Ascomycota
Cistella.cf.improvisa,Discoid,Thin,No,3.221556886,11.78433553,Cistella,Hyaloscyphaceae,Helotiales,Leotiomycetes,Ascomycota
Cistella.cf.microspora,Discoid,Thin,No,2,8.418486564,Cistella,Hyaloscyphaceae,Helotiales,Leotiomycetes,Ascomycota
Cistella.sp1.,Discoid,Thin,No,3.571428571,25.97704425,Cistella,Hyaloscyphaceae,Helotiales,Leotiomycetes,Ascomycota
Cistella.sp2.,Discoid,Thin,No,2.941176471,11.34900346,Cistella,Hyaloscyphaceae,Helotiales,Leotiomycetes,Ascomycota
Cistella.sp3.,Discoid,Thin,No,2.5,15.70796327,Cistella,Hyaloscyphaceae,Helotiales,Leotiomycetes,Ascomycota
Cistella.sp4.,Discoid,Thin,No,2.941176471,11.34900346,Cistella,Hyaloscyphaceae,Helotiales,Leotiomycetes,Ascomycota
Cistella.sp5.,Discoid,Thin,No,3.461538462,5.972953033,Cistella,Hyaloscyphaceae,Helotiales,Leotiomycetes,Ascomycota
Cistella.sp6.,Discoid,Thin,No,4.25,26.70353756,Cistella,Hyaloscyphaceae,Helotiales,Leotiomycetes,Ascomycota
Cistella.sp8.,Discoid,Thin,No,4.72,57.92311455,Cistella,Hyaloscyphaceae,Helotiales,Leotiomycetes,Ascomycota
Claussenomyces.atrovirens,Discoid,Thin,No,4.705882353,283.7250865,Claussenomyces,Tympanidaceae,Helotiales,Leotiomycetes,Ascomycota
Clavulicium.delectabile,Resupinate,Thin,Yes,1.142857143,307.8760801,Clavulicium,Clavulinacea,Cantharellales,Agaricomycetes,Basidiomycota
Colacogloea.peniophorae,Resupinate,Thin,No,1.875,94.24777961,Colacogloea,Heterogastridiaceae,Heterogastridiales,Microbotryomycetes,Basidiomycota
Conferticium.ochraceum,Resupinate,Thin,No,1.75,37.11006322,Conferticium,Stereaceae,Russulales,Agaricomycetes,Basidiomycota
Conferticium.ravum,Resupinate,Thick,Yes,1.529411765,92.21065312,Conferticium,Stereaceae,Russulales,Agaricomycetes,Basidiomycota
Coniochaeta.subcorticalis,Pyrenoid,Thick,No,1.391304348,358.970943,Coniochaeta,Coniochaetaceae,Sordariales,Sordariomycetes,Ascomycota
Coniophora.arida,Resupinate,Thick,No,1.714285714,461.8141201,Coniophora,Coniophoraceae,Boletales,Agaricomycetes,Basidiomycota
Coniophora.olivacea,Resupinate,Thick,No,2,196.3495408,Coniophora,Coniophoraceae,Boletales,Agaricomycetes,Basidiomycota
Coniophora.puteana,Resupinate,Thick,No,1.615384615,348.4222602,Coniophora,Coniophoraceae,Boletales,Agaricomycetes,Basidiomycota
Coronicium.alboglaucum,Resupinate,Thin,No,2.545454545,41.57701527,Coronicium,Pterulaceae,Agaricales,Agaricomycetes,Basidiomycota
Coronophora.sp.nov,Pyrenoid,Thin,No,4.95,31.10176727,Coronophora,Coronophoraceae,Coronophorales,Sordariomycetes,Ascomycota
Corticium.boreoroseum,Resupinate,Thin,No,1.85,181.6233253,Corticium,Corticiaceae,Corticiales,Agaricomycetes,Basidiomycota
Corticium.polygonioides,Resupinate,Thin,No,1.45,142.3534171,Corticium,Corticiaceae,Corticiales,Agaricomycetes,Basidiomycota
Corticium.roseum,Resupinate,Thin,No,2.1,1649.336143,Corticium,Corticiaceae,Corticiales,Agaricomycetes,Basidiomycota
Crepidotus.calolepis,Gilled,Thick,No,1.47826087,220.7214276,Crepidotus,Inocybeceae,Agaricales,Agaricomycetes,Basidiomycota
Crepidotus.cesatii,Gilled,Thin,Yes,1.153846154,248.873043,Crepidotus,Inocybeceae,Agaricales,Agaricomycetes,Basidiomycota
Crepidotus.pallidus,Discoid,Thin,Yes,1.722222222,123.2584243,Crepidotus,Inocybeceae,Agaricales,Agaricomycetes,Basidiomycota
Crepidotus.subverrucisporus,Gilled,Thin,Yes,1.52173913,227.2132343,Crepidotus,Inocybeceae,Agaricales,Agaricomycetes,Basidiomycota
Crocicreas.sp1.,Discoid,Thin,No,4.25,5.767964112,Crocicreas,Helotiaceae,Helotiales,Leotiomycetes,Ascomycota
Crustoderma.corneum,Resupinate,Thin,No,2.105263158,177.2054606,Crustoderma,Meruliaceae,Polyporales,Agaricomycetes,Basidiomycota
Crustoderma.dryinum,Resupinate,Thin,No,2.666666667,56.54866776,Crustoderma,Meruliaceae,Polyporales,Agaricomycetes,Basidiomycota
Crustoderma.efibulatum,Resupinate,Thin,No,4.052631579,21.83171275,Crustoderma,Meruliaceae,Polyporales,Agaricomycetes,Basidiomycota
Cryptodiscus.foveolaris,Discoid,Thin,No,2.727272727,44.54680208,Cryptodiscus,Stictidaceae,Ostropales,Lecanoromycetes,Ascomycota
Cryptodiscus.pallidus,Discoid,Thin,No,3.294117647,198.6075606,Cryptodiscus,Stictidaceae,Ostropales,Lecanoromycetes,Ascomycota
Cryptodiscus.pini,Discoid,Thin,No,6.285714286,26.45810063,Cryptodiscus,Stictidaceae,Ostropales,Lecanoromycetes,Ascomycota
Cudonia.confusa,Gilled,Thin,No,17.77777778,159.0431281,Cudonia,Cudoniaceae,Helotiales,Leotiomycetes,Ascomycota
Cyathicula.sp1.,Discoid,Thin,No,5.333333333,381.7035074,Cyathicula,Helotiaceae,Helotiales,Leotiomycetes,Ascomycota
Cyathicula.sp2.,Discoid,Thin,No,5.35483871,125.2914274,Cyathicula,Helotiaceae,Helotiales,Leotiomycetes,Ascomycota
Cylindrobasidium.evolvens,Resupinate,Thin,No,1.85,181.6233253,Cylindrobasidium,Physalacriaceae,Agaricales,Agaricomycetes,Basidiomycota
Cystoderma.jasonis,Gilled,Thin,No,1.8,74.55146629,Cystoderma,Agaricaceae,Agaricales,Agaricomycetes,Basidiomycota
Dacrymyces.adpressus,Discoid,Thick,No,2.565217391,383.016595,Dacrymyces,Dacrymycetaceae,Dacrymycetales,Dacrymycetes,Basidiomycota
Dacrymyces.lacrymalis,Discoid,Thin,No,2.736842105,230.3670988,Dacrymyces,Dacrymycetaceae,Dacrymycetales,Dacrymycetes,Basidiomycota
Dacrymyces.macnabbii,Discoid,Thin,No,2.642857143,88.99542939,Dacrymyces,Dacrymycetaceae,Dacrymycetales,Dacrymycetes,Basidiomycota
Dacrymyces.microsporus,Discoid,Thin,No,2.642857143,88.99542939,Dacrymyces,Dacrymycetaceae,Dacrymycetales,Dacrymycetes,Basidiomycota
Dacrymyces.minor,Discoid,Thin,No,2.764705882,166.6884883,Dacrymyces,Dacrymycetaceae,Dacrymycetales,Dacrymycetes,Basidiomycota
Dacrymyces.minutus,Discoid,Thin,No,2.933333333,121.4912784,Dacrymyces,Dacrymycetaceae,Dacrymycetales,Dacrymycetes,Basidiomycota
Dacrymyces.ovisporus,Discoid,Thin,No,1.333333333,1491.029326,Dacrymyces,Dacrymycetaceae,Dacrymycetales,Dacrymycetes,Basidiomycota
Dacrymyces.sp1.,Discoid,Thin,No,1.666666667,954.2587685,Dacrymyces,Dacrymycetaceae,Dacrymycetales,Dacrymycetes,Basidiomycota
Dacrymyces.sp2.,Discoid,Thin,No,1.904761905,110.8353888,Dacrymyces,Dacrymycetaceae,Dacrymycetales,Dacrymycetes,Basidiomycota
Dacrymyces.stillatus,Discoid,Thick,No,2.818181818,368.2535639,Dacrymyces,Dacrymycetaceae,Dacrymycetales,Dacrymycetes,Basidiomycota
Dacrymyces.tortus,Discoid,Thick,No,3.333333333,138.0582709,Dacrymyces,Dacrymycetaceae,Dacrymycetales,Dacrymycetes,Basidiomycota
Dacryobolus.karstenii,Resupinate,Thin,No,3.888888889,7.514787802,Dacryobolus,Fomitopsidaceae,Polyporales,Agaricomycetes,Basidiomycota
Dacryobolus.sudans,Resupinate,Thin,No,3.666666667,9.719302272,Dacryobolus,Fomitopsidaceae,Polyporales,Agaricomycetes,Basidiomycota
Daldinia.concentrica,Stromatoid,Thin,No,1.875,753.9822369,Daldinia,Xylariaceae,Xylariales,Sordariomycetes,Ascomycota
Dialonectria.cf.episphaeria,Pyrenoid,Thin,Yes,2.380952381,270.594211,Dialonectria,Nectriaceae,Hypocreales,Sordariomycetes,Ascomycota
Diatrype.stigma,Stromatoid,Thin,No,5,31.41592654,Diatrype,Diatrypaceae,Xylariales,Sordariomycetes,Ascomycota
Diatrypella.sp1.,Stromatoid,Thin,No,5.090909091,5.321857955,Diatrypella,Diatrypaceae,Xylariales,Sordariomycetes,Ascomycota
Dichostereum.boreale,Resupinate,Thick,Yes,1.4,57.98447378,Dichostereum,Lachnocladiaceae,Russulales,Agaricomycetes,Basidiomycota
Ditiola.peziziformis,Discoid,Thin,No,3.166666667,1813.09166,Ditiola,Dacrymycetaceae,Dacrymycetales,Dacrymycetes,Basidiomycota
Durella.melanochlora,Discoid,Thin,No,2.842105263,239.2273718,Durella,Helotiaceae,Helotiales,Leotiomycetes,Ascomycota
Echinosphaeria.canescens,Pyrenoid,Thin,No,7.777777778,556.6509483,Echinosphaeria,Helminthosphaeriaceae,Trichosphaeriales,Sordariomycetes,Ascomycota
Echinosphaeria.cincinnata,Pyrenoid,Thick,No,2,261.3412389,Echinosphaeria,Helminthosphaeriaceae,Trichosphaeriales,Sordariomycetes,Ascomycota
Elmerina.caryae,Resupinate,Thin,No,2.22,27.24349879,Elmerina,Exidiaceae,Auriculariales,Agaricomycetes,Basidiomycota
Endoxyla.macrostoma,Pyrenoid,Thin,No,3.928571429,67.73273761,Endoxyla,Boliniaceae,Boliniales,Sordariomycetes,Ascomycota
Endoxyla.parallela,Stromatoid,Thin,No,4.413793103,84.54654149,Endoxyla,Boliniaceae,Boliniales,Sordariomycetes,Ascomycota
Endoxyla.rostrata,Pyrenoid,Thin,No,3,12.62772985,Endoxyla,Boliniaceae,Boliniales,Sordariomycetes,Ascomycota
Entoloma.depluens,Gilled,Thin,No,1.344827586,402.5042869,Entoloma,Entolomataceae,Agaricales,Agaricomycetes,Basidiomycota
Eutypa.flavovirens,Stromatoid,Thin,No,3.111111111,27.83254742,Eutypa,Diatrypaceae,Xylariales,Sordariomycetes,Ascomycota
Exidia.glandulosa,Discoid,Thin,No,3.25,163.362818,Exidia,Auriculariaceae,Auriculariales,Agaricomycetes,Basidiomycota
Exidia.repansa,Discoid,Thin,No,4.333333333,91.89158512,Exidia,Auriculariaceae,Auriculariales,Agaricomycetes,Basidiomycota
Exidia.saccharina,Discoid,Thin,No,3.266666667,135.2971055,Exidia,Auriculariaceae,Auriculariales,Agaricomycetes,Basidiomycota
Exidiopsis.calcea,Resupinate,Thin,No,2.52173913,376.5247883,Exidiopsis,Auriculariaceae,Auriculariales,Agaricomycetes,Basidiomycota
Exidiopsis.effusa,Resupinate,Thin,No,3.055555556,218.6843011,Exidiopsis,Auriculariaceae,Auriculariales,Agaricomycetes,Basidiomycota
Flagelloscypha.sp1.,Discoid,Thin,No,1.4,137.4446786,Flagelloscypha,Niaceae,Agaricales,Agaricomycetes,Basidiomycota
Flammulaster.limulatus,Gilled,Thick,No,1.882352941,113.4900346,Flammulaster,Inocybeceae,Agaricales,Agaricomycetes,Basidiomycota
Flaviporus.citrinellus,Resupinate,Thin,No,1.369565217,13.0874823,Flaviporus,Meruliaceae,Polyporales,Agaricomycetes,Basidiomycota
Fomes.fomentarius,Pileate,Thin,No,2.727272727,356.3744166,Fomes,Polyporaceae,Polyporales,Agaricomycetes,Basidiomycota
Fomitopsis.betulina,Pileate,Thin,No,3.666666667,9.719302272,Fomitopsis,Fomitopsidaceae,Polyporales,Agaricomycetes,Basidiomycota
Fomitopsis.pinicola,Pileate,Thin,No,1.875,94.24777961,Fomitopsis,Fomitopsidaceae,Polyporales,Agaricomycetes,Basidiomycota
Fomitopsis.rosea,Pileate,Thin,No,2.367346939,27.34324436,Fomitopsis,Fomitopsidaceae,Polyporales,Agaricomycetes,Basidiomycota
Galerina.hypnorum,Gilled,Thin,Yes,1.714285714,194.8278319,Galerina,Hymenogastraceae,Agaricales,Agaricomycetes,Basidiomycota
Galerina.marginata,Gilled,Thin,Yes,1.652173913,246.6886544,Galerina,Hymenogastraceae,Agaricales,Agaricomycetes,Basidiomycota
Galerina.mniophila,Gilled,Thin,Yes,1.913043478,285.6394946,Galerina,Hymenogastraceae,Agaricales,Agaricomycetes,Basidiomycota
Galerina.pumila,Gilled,Thin,No,1.958333333,332.2234231,Galerina,Hymenogastraceae,Agaricales,Agaricomycetes,Basidiomycota
Galerina.stylifera,Gilled,Thin,No,1.555555556,111.3301897,Galerina,Hymenogastraceae,Agaricales,Agaricomycetes,Basidiomycota
Galzinia.incrustans.coll,Resupinate,Thin,No,2.5,15.70796327,Galzinia,Corticiaceae,Corticiales,Agaricomycetes,Basidiomycota
Ganoderma.applanatum,Pileate,Thick,Yes,1.477876106,209.3501385,Ganoderma,Ganodermataceae,Polyporales,Agaricomycetes,Basidiomycota
Gelatoporia.dichrous,Pileate,Thin,No,3.913043478,4.67410082,Gelatoporia,Meruliaceae,Polyporales,Agaricomycetes,Basidiomycota
Globulicium.hiemale,Resupinate,Thin,No,1,1194.492432,Globulicium,Pterulaceae,Agaricales,Agaricomycetes,Basidiomycota
Gloeocystidiellum.convolvens,Resupinate,Thin,Yes,1.583333333,33.57577149,Gloeocystidiellum,Stereaceae,Russulales,Agaricomycetes,Basidiomycota
Gloeocystidiellum.leucoxanthum,Resupinate,Thin,No,2.727272727,356.3744166,Gloeocystidiellum,Stereaceae,Russulales,Agaricomycetes,Basidiomycota
Gloeocystidiellum.luridum,Resupinate,Thin,No,2,168.3451876,Gloeocystidiellum,Stereaceae,Russulales,Agaricomycetes,Basidiomycota
Gloeocystidiellum.porosum,Resupinate,Thin,Yes,1.666666667,35.34291735,Gloeocystidiellum,Stereaceae,Russulales,Agaricomycetes,Basidiomycota
Gloeodontia.subasperispora,Resupinate,Thin,Yes,1.777777778,15.90431281,Gloeodontia,Gloeodontiaceae,Russulales,Agaricomycetes,Basidiomycota
Gloeophyllum.sepiarium,Pileate,Thin,No,2.78125,71.57804702,Gloeophyllum,Gloeophyllaceae,Russulales,Agaricomycetes,Basidiomycota
Gloeoporus.pannocinctus,Resupinate,Thin,No,4.625,1.859822851,Gloeoporus,Meruliaceae,Polyporales,Agaricomycetes,Basidiomycota
Gloeoporus.taxicola,Resupinate,Thin,No,2.75862069,6.605198554,Gloeoporus,Meruliaceae,Polyporales,Agaricomycetes,Basidiomycota
Gloiothele.citrina,Resupinate,Thin,No,1,71.56940764,Gloiothele,Peniophoraceae,Russulales,Agaricomycetes,Basidiomycota
Glonium.nitidum,Pyrenoid,Thin,No,5.6,68.7223393,Glonium,Gloniaceae,Mytilinidiales,Dothideomycetes,Ascomycota
Godronia.urceolus,Discoid,Thin,No,41.66666667,110.4466167,Godronia,Godroniaceae,Helotiales,Leotiomycetes,Ascomycota
Gorgoniceps.aridula,Discoid,Thin,No,34.44444444,308.1460607,Gorgoniceps,Helotiaceae,Helotiales,Leotiomycetes,Ascomycota
Gorgoniceps.hypothallosa,Discoid,Thin,No,9,190.8517537,Gorgoniceps,Helotiaceae,Helotiales,Leotiomycetes,Ascomycota
Gymnopilus.penetrans,Gilled,Thick,Yes,1.684210526,141.7643685,Gymnopilus,Hymenogastraceae,Agaricales,Agaricomycetes,Basidiomycota
Gymnopilus.picreus,Gilled,Thick,Yes,1.583333333,268.6061719,Gymnopilus,Hymenogastraceae,Agaricales,Agaricomycetes,Basidiomycota
Gymnopus.androsaceus,Gilled,Thin,No,1.823529412,109.943471,Gymnopus,Omphalotaceae,Agaricales,Agaricomycetes,Basidiomycota
Gymnopus.confluens,Gilled,Thin,No,2.071428571,69.75317439,Gymnopus,Omphalotaceae,Agaricales,Agaricomycetes,Basidiomycota
Gymnopus.dryophilus,Gilled,Thin,No,1.692307692,45.62672455,Gymnopus,Omphalotaceae,Agaricales,Agaricomycetes,Basidiomycota
Gyromitra.infula,Gilled,Thick,No,2.484848485,1095.851331,Gyromitra,Discinaceae,Pezizales,Pezizomycetes,Ascomycota
Hamatocanthoscypha.laricionis,Discoid,Thin,No,3.727272727,13.15021597,Hamatocanthoscypha,Hyaloscyphaceae,Helotiales,Leotiomycetes,Ascomycota
Hamatocanthoscypha.sp.nov,Discoid,Thin,No,3.16,38.77903432,Hamatocanthoscypha,Hyaloscyphaceae,Helotiales,Leotiomycetes,Ascomycota
Hamatocanthoscypha.sp1.,Discoid,Thin,No,3.333333333,15.2681403,Hamatocanthoscypha,Hyaloscyphaceae,Helotiales,Leotiomycetes,Ascomycota
Hamatocanthoscypha.sp2.,Discoid,Thin,No,3.136363636,26.22915706,Hamatocanthoscypha,Hyaloscyphaceae,Helotiales,Leotiomycetes,Ascomycota
Hamatocanthoscypha.sp3.,Discoid,Thin,No,3.933333333,10.42616062,Hamatocanthoscypha,Hyaloscyphaceae,Helotiales,Leotiomycetes,Ascomycota
Hamatocanthoscypha.straminella,Discoid,Thin,No,3.44,37.32212072,Hamatocanthoscypha,Hyaloscyphaceae,Helotiales,Leotiomycetes,Ascomycota
Helicobasidium.sp1.,Resupinate,Thin,No,1.857142857,500.2986301,Helicobasidium,Helicobasidiaceae,Helicobasidiales,Pucciniomycetes,Ascomycota
Helminthosphaeria.aff.carpathica,Pyrenoid,Thin,No,2.181818182,285.0995333,Helminthosphaeria,Helminthosphaeriaceae,Trichosphaeriales,Sordariomycetes,Ascomycota
Helminthosphaeria.aff.odontiae,Pyrenoid,Thin,No,1.8,176.7145868,Helminthosphaeria,Helminthosphaeriaceae,Trichosphaeriales,Sordariomycetes,Ascomycota
Helminthosphaeria.aff.pilifera,Pyrenoid,Thin,No,2.095238095,238.1229057,Helminthosphaeria,Helminthosphaeriaceae,Trichosphaeriales,Sordariomycetes,Ascomycota
Helminthosphaeria.cf.gibberosa,Pyrenoid,Thin,No,2.153846154,464.5630136,Helminthosphaeria,Helminthosphaeriaceae,Trichosphaeriales,Sordariomycetes,Ascomycota
Helminthosphaeria.ludens,Pyrenoid,Thin,No,2.75,1105.840614,Helminthosphaeria,Helminthosphaeriaceae,Trichosphaeriales,Sordariomycetes,Ascomycota
Helminthosphaeria.sp1.,Pyrenoid,Thin,No,2.454545455,320.736975,Helminthosphaeria,Helminthosphaeriaceae,Trichosphaeriales,Sordariomycetes,Ascomycota
Helminthosphaeriaceae.sp.nov.,Pyrenoid,Thin,Yes,2.292134831,1269.112326,Helminthosphaeriaceae,Helminthosphaeriaceae,Trichosphaeriales,Sordariomycetes,Ascomycota
Helvella.macropus,Gilled,Thick,Yes,2.19047619,1991.573393,Helvella,Helvellaceae,Pezizales,Pezizomycetes,Ascomycota
Hemimycena.sp1.,Gilled,Thin,No,1.583333333,268.6061719,Hemimycena,Mycenaceae,Agaricales,Agaricomycetes,Basidiomycota
Henningsomyces.candidus,Discoid,Thin,No,1.144444444,81.90721097,Henningsomyces,Marasmiaceae,Agaricales,Agaricomycetes,Basidiomycota
Henningsomyces.pienikarva,Discoid,Thin,No,1.144444444,81.90721097,Henningsomyces,Marasmiaceae,Agaricales,Agaricomycetes,Basidiomycota
Hericium.cirrhatum,Pileate,Thick,No,1.333333333,28.27433388,Hericium,Hericiaceae,Russulales,Agaricomycetes,Basidiomycota
Hericium.coralloides,Branched,Thick,Yes,1.307692308,35.25701443,Hericium,Hericiaceae,Russulales,Agaricomycetes,Basidiomycota
Hilberina.aff.moseri,Pyrenoid,Thick,No,11.9047619,692.7211801,Hilberina,Lasiosphaeriaceae,Sordariales,Sordariomycetes,Ascomycota
Hilberina.aff.munkii,Pyrenoid,Thick,No,6.5,326.725636,Hilberina,Lasiosphaeriaceae,Sordariales,Sordariomycetes,Ascomycota
Hilberina.cf.caudata,Pyrenoid,Thick,No,11.875,596.9026042,Hilberina,Lasiosphaeriaceae,Sordariales,Sordariomycetes,Ascomycota
Humaria.hemisphaerica,Discoid,Thin,Yes,2.173913043,2596.722678,Humaria,Pyronemataceae,Pezizales,Pezizomycetes,Ascomycota
Hyalopeziza.millepunctata,Discoid,Thin,No,3.552631579,19.13818975,Hyalopeziza,Hyaloscyphaceae,Helotiales,Leotiomycetes,Ascomycota
Hyaloscypha.albohyalina,Discoid,Thin,No,3.357142857,113.0482481,Hyaloscypha,Hyaloscyphaceae,Helotiales,Leotiomycetes,Ascomycota
Hyaloscypha.aureliella,Discoid,Thin,No,3.3,40.4970928,Hyaloscypha,Hyaloscyphaceae,Helotiales,Leotiomycetes,Ascomycota
Hyaloscypha.diabolica,Discoid,Thin,No,3.05,19.16371519,Hyaloscypha,Hyaloscyphaceae,Helotiales,Leotiomycetes,Ascomycota
Hyaloscypha.epiporia,Discoid,Thin,No,2.934782609,28.04460492,Hyaloscypha,Hyaloscyphaceae,Helotiales,Leotiomycetes,Ascomycota
Hyaloscypha.fuckelii,Discoid,Thin,No,3.1,38.04272354,Hyaloscypha,Hyaloscyphaceae,Helotiales,Leotiomycetes,Ascomycota
Hyaloscypha.intacta,Discoid,Thin,No,3.142857143,105.8324025,Hyaloscypha,Hyaloscyphaceae,Helotiales,Leotiomycetes,Ascomycota
Hyaloscypha.latispora,Discoid,Thin,No,2.191780822,83.70773625,Hyaloscypha,Hyaloscyphaceae,Helotiales,Leotiomycetes,Ascomycota
Hyaloscypha.leuconica,Discoid,Thin,No,3.81,41.3936248,Hyaloscypha,Hyaloscyphaceae,Helotiales,Leotiomycetes,Ascomycota
Hyaloscypha.quercicola,Discoid,Thin,No,3.4,41.72427743,Hyaloscypha,Hyaloscyphaceae,Helotiales,Leotiomycetes,Ascomycota
Hyaloscypha.sp1..nov.,Discoid,Thin,No,2.35,14.76548547,Hyaloscypha,Hyaloscyphaceae,Helotiales,Leotiomycetes,Ascomycota
Hyaloscypha.spiralis,Discoid,Thin,No,3.357142857,113.0482481,Hyaloscypha,Hyaloscyphaceae,Helotiales,Leotiomycetes,Ascomycota
Hyaloscypha.vitreola,Discoid,Thin,No,3.357142857,113.0482481,Hyaloscypha,Hyaloscyphaceae,Helotiales,Leotiomycetes,Ascomycota
Hymenochaete.fuliginosa,Resupinate,Thin,No,2.875,18.06415776,Hymenochaete,Hymenochaetaceae,Hymenochaetales,Agaricomycetes,Basidiomycota
Hymenochaetopsis.tabacina,Pileate,Thin,No,2.3,28.2252465,Hymenochaetopsis,Hymenochaetaceae,Hymenochaetales,Agaricomycetes,Basidiomycota
Hymenoscyphus.sp2.,Discoid,Thin,No,4.142857143,139.5063488,Hymenoscyphus,Hymenochaetaceae,Hymenochaetales,Agaricomycetes,Basidiomycota
Hymenoscyphus.sp3.,Discoid,Thin,No,3.272727273,427.6493,Hymenoscyphus,Hymenochaetaceae,Hymenochaetales,Agaricomycetes,Basidiomycota
Hymenoscyphus.vikgultorum,Discoid,Thin,No,5.833333333,123.7002107,Hymenoscyphus,Helotiaceae,Helotiales,Leotiomycetes,Ascomycota
Hyphoderma.cremeoalbum,Resupinate,Thin,No,2.086956522,311.6067213,Hyphoderma,Meruliaceae,Polyporales,Agaricomycetes,Basidiomycota
Hyphoderma.definitum,Resupinate,Thin,No,3.846153846,103.6971013,Hyphoderma,Meruliaceae,Polyporales,Agaricomycetes,Basidiomycota
Hyphoderma.incrustatum,Resupinate,Thin,No,2.777777778,198.8039101,Hyphoderma,Meruliaceae,Polyporales,Agaricomycetes,Basidiomycota
Hyphoderma.obtusiforme,Resupinate,Thin,No,2,261.3412389,Hyphoderma,Meruliaceae,Polyporales,Agaricomycetes,Basidiomycota
Hyphoderma.occidentale,Resupinate,Thin,No,2.736842105,230.3670988,Hyphoderma,Meruliaceae,Polyporales,Agaricomycetes,Basidiomycota
Hyphoderma.roseocremeum,Resupinate,Thin,No,3,101.0218388,Hyphoderma,Meruliaceae,Polyporales,Agaricomycetes,Basidiomycota
Hyphoderma.setigerum,Resupinate,Thin,No,2.266666667,93.87962422,Hyphoderma,Meruliaceae,Polyporales,Agaricomycetes,Basidiomycota
Hyphoderma.sibiricum,Resupinate,Thin,No,1.777777778,127.2345025,Hyphoderma,Meruliaceae,Polyporales,Agaricomycetes,Basidiomycota
Hyphodiscus.hemiamyloideus,Discoid,Thin,No,1.826923077,25.21913503,Hyphodiscus,Hyaloscyphaceae,Helotiales,Leotiomycetes,Ascomycota
Hyphodiscus.hymeniophilus,Discoid,Thin,No,3.333333333,8.835729338,Hyphodiscus,Hyaloscyphaceae,Helotiales,Leotiomycetes,Ascomycota
Hyphodontia.abieticola,Resupinate,Thin,No,1.642857143,55.32148313,Hyphodontia,Schizoporaceae,Hymenochaetales,Agaricomycetes,Basidiomycota
Hyphodontia.alutaria,Resupinate,Thin,No,1.461538462,39.40489848,Hyphodontia,Schizoporaceae,Hymenochaetales,Agaricomycetes,Basidiomycota
Hyphodontia.barba.jovis,Resupinate,Thin,No,1.25,62.83185307,Hyphodontia,Schizoporaceae,Hymenochaetales,Agaricomycetes,Basidiomycota
Hyphodontia.curvispora,Resupinate,Thin,No,3.6,5.522330836,Hyphodontia,Schizoporaceae,Hymenochaetales,Agaricomycetes,Basidiomycota
Hyphodontia.efibulata,Resupinate,Thin,No,1.647058824,99.30378028,Hyphodontia,Schizoporaceae,Hymenochaetales,Agaricomycetes,Basidiomycota
Hyphodontia.pallidula,Resupinate,Thin,No,1.777777778,15.90431281,Hyphodontia,Schizoporaceae,Hymenochaetales,Agaricomycetes,Basidiomycota
Hyphodontia.subalutacea,Resupinate,Thin,No,4,16.83697313,Hyphodontia,Schizoporaceae,Hymenochaetales,Agaricomycetes,Basidiomycota
Hypholoma.fasciculare,Gilled,Thin,No,1.647058824,99.30378028,Hypholoma,Strophariaceae,Agaricales,Agaricomycetes,Basidiomycota
Hypholoma.polytrichi,Gilled,Thin,No,1.777777778,127.2345025,Hypholoma,Strophariaceae,Agaricales,Agaricomycetes,Basidiomycota
Hypochnicium.albostramineum,Resupinate,Thick,Yes,1.333333333,322.0623344,Hypochnicium,Meruliaceae,Polyporales,Agaricomycetes,Basidiomycota
Hypochnicium.bombycinum,Resupinate,Thick,No,1.5,404.0873551,Hypochnicium,Meruliaceae,Polyporales,Agaricomycetes,Basidiomycota
Hypochnicium.polonese,Resupinate,Thick,No,1.666666667,119.2823461,Hypochnicium,Meruliaceae,Polyporales,Agaricomycetes,Basidiomycota
Hypochnicium.punctulatum,Resupinate,Thick,Yes,1.263157895,106.3232764,Hypochnicium,Meruliaceae,Polyporales,Agaricomycetes,Basidiomycota
Hypochnicium.subrigescens,Resupinate,Thick,Yes,1,149.311554,Hypochnicium,Meruliaceae,Polyporales,Agaricomycetes,Basidiomycota
Hypochnicium.wakefieldiae,Resupinate,Thick,Yes,1.260869565,188.2623941,Hypochnicium,Meruliaceae,Polyporales,Agaricomycetes,Basidiomycota
Hypomyces.rosellus,Resupinate,Thin,Yes,6.111111111,437.3686022,Hypomyces,Hypocreaceae,Hypocreales,Sordariomycetes,Ascomycota
Hypomyces.semitranslucens,Resupinate,Thin,Yes,4.421052632,372.1314673,Hypomyces,Hypocreaceae,Hypocreales,Sordariomycetes,Ascomycota
Hypoxylon.fuscum,Stromatoid,Thick,No,2.076923077,447.9714774,Hypoxylon,Xylariaceae,Xylariales,Sordariomycetes,Ascomycota
Hypoxylon.rubiginosum,Stromatoid,Thin,No,2.2,215.9844949,Hypoxylon,Xylariaceae,Xylariales,Sordariomycetes,Ascomycota
Hysterium.pulicare,Pyrenoid,Thick,No,3.125,1256.637061,Hysterium,Hysteriaceae,Hysteriales,Dothideomycetes,Ascomycota
Hysterographium.fraxini,Pyrenoid,Thick,No,2.777777778,5367.705573,Hysterographium,Pleosporomycetidae,Hysteriales,Dothideomycetes,Ascomycota
Immersiella.caudata,Pyrenoid,Thin,No,12.22222222,874.7372045,Immersiella,Lasiosphaeriaceae,Sordariales,Sordariomycetes,Ascomycota
Inonotus.obliquus,Resupinate,Thick,No,1.541666667,261.5375884,Inonotus,Hymenochaetaceae,Hymenochaetales,Agaricomycetes,Basidiomycota
Irpex.litschaueri,Resupinate,Thin,No,2.380952381,17.3180295,Irpex,Meruliaceae,Polyporales,Agaricomycetes,Basidiomycota
Ischnoderma.benzoinum,Pileate,Thin,No,3.428571429,14.43169125,Ischnoderma,Fomitopsidaceae,Polyporales,Agaricomycetes,Basidiomycota
Jaapia.ochroleuca,Resupinate,Thick,Yes,2.7,265.0718801,Jaapia,Jaapiaceae,Jaapiales,Agaricomycetes,Basidiomycota
Junghuhnia.collabens,Resupinate,Thin,No,2.193548387,6.415524898,Junghuhnia,Meruliaceae,Polyporales,Agaricomycetes,Basidiomycota
Junghuhnia.luteoalba,Resupinate,Thin,No,2.555555556,11.70557423,Junghuhnia,Meruliaceae,Polyporales,Agaricomycetes,Basidiomycota
Kirschsteiniothelia.cf.atra,Pyrenoid,Thin,No,3.157894737,2126.465527,Kirschsteiniothelia,Kirschsteiniotheliaceae,Pleosporales,Dothideomycetes,Ascomycota
Kuehneromyces.lignicola,Gilled,Thick,No,1.69,84.82300165,Kuehneromyces,Strophariaceae,Agaricales,Agaricomycetes,Basidiomycota
Kuehneromyces.mutabilis,Gilled,Thick,No,1.69,84.82300165,Kuehneromyces,Strophariaceae,Agaricales,Agaricomycetes,Basidiomycota
Kurtia.argillacea,Resupinate,Thin,No,1.666666667,119.2823461,Kurtia,Corticiaceae,Corticiales,Agaricomycetes,Basidiomycota
Lachnella.sp1.,Discoid,Thin,No,2.46875,63.53556983,Lachnella,Niaceae,Agaricales,Agaricomycetes,Basidiomycota
Lachnum.corticale,Discoid,Thin,No,5.6,231.9378951,Lachnum,Lasiosphaeriaceae,Sordariales,Sordariomycetes,Ascomycota
Lachnum.pudibundum,Discoid,Thin,No,4,25.13274123,Lachnum,Lachnaceae,Helotiales,Leotiomycetes,Ascomycota
Lachnum.sp1.,Discoid,Thin,No,4.333333333,25.23572656,Lachnum,Lachnaceae,Helotiales,Leotiomycetes,Ascomycota
Lachnum.sp2.,Discoid,Thin,No,3.79,23.81327231,Lachnum,Lachnaceae,Helotiales,Leotiomycetes,Ascomycota
Lachnum.virgineum,Discoid,Thin,No,4.864864865,24.19222693,Lachnum,Lachnaceae,Helotiales,Leotiomycetes,Ascomycota
Laetinaeria.aff.uvidula,Discoid,Thin,No,1.943768997,434.9228378,Laetinaeria,Dermateaceae,Helotiales,Leotiomycetes,Ascomycota
Lasiosphaeria.hirsuta.tuberculosa.complex,Pyrenoid,Thin,Yes,10,2156.899706,Lasiosphaeria,Lasiosphaeriaceae,Sordariales,Sordariomycetes,Ascomycota
Lasiosphaeria.ovina,Pyrenoid,Thin,No,11.25,565.4866776,Lasiosphaeria,Lasiosphaeriaceae,Sordariales,Sordariomycetes,Ascomycota
Lasiosphaeria.pyramidata,Pyrenoid,Thin,No,12.5,628.3185307,Lasiosphaeria,Lasiosphaeriaceae,Sordariales,Sordariomycetes,Ascomycota
Laxitextum.bicolor,Pileate,Thin,Yes,1.9,23.31650798,Laxitextum,Hericiaceae,Russulales,Agaricomycetes,Basidiomycota
Lentaria.afflata,Branched,Thin,No,1.785714286,60.13204689,Lentaria,Lentariaceae,Gomphales,Agaricomycetes,Basidiomycota
Lentinellus.castoreus,Gilled,Thin,Yes,1.333333333,28.27433388,Lentinellus,Auriscalpiaceae,Russulales,Agaricomycetes,Basidiomycota
Lentinellus.flabelliformis,Gilled,Thin,Yes,1.466666667,60.7456392,Lentinellus,Auriscalpiaceae,Russulales,Agaricomycetes,Basidiomycota
Lentinellus.micheneri,Gilled,Thin,Yes,1.466666667,60.7456392,Lentinellus,Auriscalpiaceae,Russulales,Agaricomycetes,Basidiomycota
Lentinellus.ursinus,Gilled,Thin,Yes,1.333333333,28.27433388,Lentinellus,Auriscalpiaceae,Russulales,Agaricomycetes,Basidiomycota
Lentinus.substrictus,Pileate,Thin,No,2.85,17.90707813,Lentinus,Polyporaceae,Polyporales,Agaricomycetes,Basidiomycota
Lentomitella.cirrhosa,Pyrenoid,Thin,Yes,2,82.83496255,Lentomitella,Boliniaceae,Boliniales,Sordariomycetes,Ascomycota
Lentomitella.crinigera,Pyrenoid,Thin,Yes,2.181818182,285.0995333,Lentomitella,Boliniaceae,Boliniales,Sordariomycetes,Ascomycota
Lentomitella.tomentosa,Pyrenoid,Thin,No,2.230769231,481.1545499,Lentomitella,Boliniaceae,Boliniales,Sordariomycetes,Ascomycota
Lenzites.betulina,Pileate,Thin,No,2.2,26.99806187,Lenzites,Polyporaceae,Polyporales,Agaricomycetes,Basidiomycota
Leptodontidium.trabinellum,Discoid,Thin,No,2.684210526,115.6797247,Leptodontidium,Helotiaceae,Helotiales,Leotiomycetes,Ascomycota
Leptoporus.mollis,Pileate,Thin,No,2.477272727,20.71723275,Leptoporus,Polyporaceae,Polyporales,Agaricomycetes,Basidiomycota
Leptosporomyces.galzinii,Resupinate,Thin,No,2,8.418486564,Leptosporomyces,Atheliaceae,Atheliales,Agaricomycetes,Basidiomycota
Leptosporomyces.septentrionalis,Resupinate,Thin,No,3.571428571,15.03301172,Leptosporomyces,Atheliaceae,Atheliales,Agaricomycetes,Basidiomycota
Leucogyrophana.romellii,Resupinate,Thick,No,1.538461538,41.4788405,Leucogyrophana,Hygrophoropsidaceae,Boletales,Agaricomycetes,Basidiomycota
Leucogyrophana.sororia,Resupinate,Thick,No,1.545454545,25.24318785,Leucogyrophana,Hygrophoropsidaceae,Boletales,Agaricomycetes,Basidiomycota
Leucoscypha.leucotricha,Discoid,Thin,Yes,2.24137931,5366.723825,Leucoscypha,Pyronemataceae,Pezizales,Pezizomycetes,Ascomycota
Lophiostoma.cf.quadrinucleatum,Pyrenoid,Thick,No,2.951807229,1325.598947,Lophiostoma,Lophiostomataceae,Pleosporales,Dothideomycetes,Ascomycota
Lophiostoma.compressum,Pyrenoid,Thick,No,2.641304348,1615.369243,Lophiostoma,Lophiostomataceae,Pleosporales,Dothideomycetes,Ascomycota
Lophiostoma.curtum,Pyrenoid,Thick,No,2.696969697,608.9726032,Lophiostoma,Lophiostomataceae,Pleosporales,Dothideomycetes,Ascomycota
Lophiostoma.sp1.,Pyrenoid,Thick,No,4.921700224,345.2451676,Lophiostoma,Lophiostomataceae,Pleosporales,Dothideomycetes,Ascomycota
Lophiotrema.boreale,Pyrenoid,Thick,No,3.641025641,169.6318661,Lophiotrema,Lophiotremataceae,Pleosporales,Dothideomycetes,Ascomycota
Lophium.mytilinum,Pyrenoid,Thick,No,71.11111111,636.1725124,Lophium,Mytilinidiaceae,Mytilinidiales,Dothideomycetes,Ascomycota
Megacollybia.platyphylla,Gilled,Thin,No,1.172413793,350.9011732,Megacollybia,Marasmiaceae,Agaricales,Agaricomycetes,Basidiomycota
Melanomma.cf.fuscidulum,Pyrenoid,Thick,No,4.5,226.1946711,Melanomma,Melanommataceae,Pleosporales,Dothideomycetes,Ascomycota
Melanomma.pulvis.pyrius,Pyrenoid,Thick,No,3.555555556,254.4690049,Melanomma,Melanommataceae,Pleosporales,Dothideomycetes,Ascomycota
Melanomma.subdispersum,Pyrenoid,Thick,No,3,994.0195505,Melanomma,Melanommataceae,Pleosporales,Dothideomycetes,Ascomycota
Melanopsamma.pomiformis,Pyrenoid,Thin,No,2.307692308,497.7460861,Melanopsamma,Niessliaceae,Chaetosphaeriales,Sordariomycetes,Ascomycota
Melanospora.caprina,Pyrenoid,Thin,No,1.56,2393.010029,Melanospora,Ceratostomaceae,Hypocreales,Sordariomycetes,Ascomycota
Menispora.cf.glauca.caesia,Pyrenoid,Thin,No,5.777777778,413.512133,Menispora,Chaetosphaeriaceae,Chaetosphaeriales,Sordariomycetes,Ascomycota
Merismodes.anomala,Discoid,Thin,No,2.5,1005.309649,Merismodes,Niaceae,Agaricales,Agaricomycetes,Basidiomycota
Merulius.tremellosus,Pileate,Thin,No,3.4,5.215534679,Merulius,Meruliaceae,Polyporales,Agaricomycetes,Basidiomycota
Metulodontia.nivea,Resupinate,Thin,No,1.384615385,37.33095645,Metulodontia,Meruliaceae,Polyporales,Agaricomycetes,Basidiomycota
Mollisia.sp1.,Discoid,Thin,No,3.777777778,33.79666472,Mollisia,Dermateaceae,Helotiales,Leotiomycetes,Ascomycota
Mollisia.sp2.,Discoid,Thin,No,2.175438596,316.4180705,Mollisia,Dermateaceae,Helotiales,Leotiomycetes,Ascomycota
Mollisia.sp3.,Discoid,Thin,No,3.527777778,129.2702545,Mollisia,Dermateaceae,Helotiales,Leotiomycetes,Ascomycota
Mollisia.sp4.,Discoid,Thin,No,3,18.84955592,Mollisia,Dermateaceae,Helotiales,Leotiomycetes,Ascomycota
Mucronella.calva,Branched,Thin,No,1.666666667,35.34291735,Mucronella,Clavariaceae,Agaricales,Agaricomycetes,Basidiomycota
Mycena.algeriensis,Gilled,Thin,No,1.47826087,220.7214276,Mycena,Mycenaceae,Agaricales,Agaricomycetes,Basidiomycota
Mycena.amicta,Gilled,Thin,No,1.789473684,150.6246415,Mycena,Mycenaceae,Agaricales,Agaricomycetes,Basidiomycota
Mycena.epipterygia,Gilled,Thin,No,1.384615385,298.6476516,Mycena,Mycenaceae,Agaricales,Agaricomycetes,Basidiomycota
Mycena.galericulata,Gilled,Thin,No,1.418918919,451.588236,Mycena,Mycenaceae,Agaricales,Agaricomycetes,Basidiomycota
Mycena.galopus,Gilled,Thin,No,1.833333333,311.0176727,Mycena,Mycenaceae,Agaricales,Agaricomycetes,Basidiomycota
Mycena.haematopus,Gilled,Thin,No,1.47826087,220.7214276,Mycena,Mycenaceae,Agaricales,Agaricomycetes,Basidiomycota
Mycena.laevigata,Gilled,Thin,No,1.69,84.82300165,Mycena,Mycenaceae,Agaricales,Agaricomycetes,Basidiomycota
Mycena.leptocephala,Gilled,Thin,No,1.9,186.5320638,Mycena,Mycenaceae,Agaricales,Agaricomycetes,Basidiomycota
Mycena.metata.filopes,Gilled,Thin,No,1.9,186.5320638,Mycena,Mycenaceae,Agaricales,Agaricomycetes,Basidiomycota
Mycena.rubromarginata,Gilled,Thin,No,1.538461538,331.830724,Mycena,Mycenaceae,Agaricales,Agaricomycetes,Basidiomycota
Mycena.sanguinolenta,Gilled,Thin,No,1.619047619,184.0040635,Mycena,Mycenaceae,Agaricales,Agaricomycetes,Basidiomycota
Mycena.silvae.nigrae,Gilled,Thin,No,1.375,552.920307,Mycena,Mycenaceae,Agaricales,Agaricomycetes,Basidiomycota
Mycena.stipata,Gilled,Thin,No,1.6,306.7961576,Mycena,Mycenaceae,Agaricales,Agaricomycetes,Basidiomycota
Mycena.tintinnabulum,Gilled,Thin,No,1.8,22.08932335,Mycena,Mycenaceae,Agaricales,Agaricomycetes,Basidiomycota
Mycena.viridimarginata,Gilled,Thin,No,1.285714286,346.3605901,Mycena,Mycenaceae,Agaricales,Agaricomycetes,Basidiomycota
Mycoacia.aurea,Resupinate,Thin,No,2.571428571,10.82376844,Mycoacia,Meruliaceae,Polyporales,Agaricomycetes,Basidiomycota
Mycoacia.fuscoatra,Resupinate,Thin,No,2.444444444,21.86843011,Mycoacia,Meruliaceae,Polyporales,Agaricomycetes,Basidiomycota
Mytilinidion.mytilinellum,Pyrenoid,Thick,No,5.428571429,182.8014225,Mytilinidion,Mytilinidiaceae,Mytilinidiales,Dothideomycetes,Ascomycota
Myxarium.sp1.,Discoid,Thin,No,1.7,166.8971097,Myxarium,Exidiaceae,Auriculariales,Agaricomycetes,Basidiomycota
Natantiella.ligneola,Pyrenoid,Thin,No,3,124.2524438,Natantiella,Annulatascaceae,Sordariales,Sordariomycetes,Ascomycota
Nectria.peziza,Pyrenoid,Thin,Yes,2.272727273,296.9786805,Nectria,Nectriaceae,Hypocreales,Sordariomycetes,Ascomycota
Nemania.atropurpurea,Stromatoid,Thick,No,2.1875,190.0035237,Nemania,Xylariaceae,Xylariales,Sordariomycetes,Ascomycota
Nemania.dark.sp.,Stromatoid,Thick,No,2.157894737,313.8663118,Nemania,Xylariaceae,Xylariales,Sordariomycetes,Ascomycota
Nemania.genea,Stromatoid,Thick,No,2.627118644,423.7655061,Nemania,Xylariaceae,Xylariales,Sordariomycetes,Ascomycota
Nemania.serpens,Stromatoid,Thick,No,2,383.495197,Nemania,Xylariaceae,Xylariales,Sordariomycetes,Ascomycota
Neobulgaria.lilacina,Discoid,Thin,Yes,2.352941176,141.8625433,Neobulgaria,Lachnaceae,Helotiales,Leotiomycetes,Ascomycota
Neodasyscypha.cerina,Discoid,Thin,No,2.4,29.45243113,Neodasyscypha,Hyaloscyphaceae,Helotiales,Leotiomycetes,Ascomycota
Niesslia.sp.,Pyrenoid,Thin,No,5.886956522,7.031925011,Niesslia,Niessliaceae,Chaetosphaeriales,Sordariomycetes,Ascomycota
Oligoporus.alni,Pileate,Thin,No,4.333333333,5.881061448,Oligoporus,Fomitopsidaceae,Polyporales,Agaricomycetes,Basidiomycota
Orbilia.auricolor,Discoid,Thin,No,14,4.638757903,Orbilia,Orbiliaceae,Orbiliales,Orbiliomycetes,Ascomycota
Orbilia.delicatula,Discoid,Thin,Yes,2.27,1.782853831,Orbilia,Orbiliaceae,Orbiliales,Orbiliomycetes,Ascomycota
Orbilia.sp1.,Discoid,Thin,No,7.666666667,2.540272185,Orbilia,Orbiliaceae,Orbiliales,Orbiliomycetes,Ascomycota
Orbilia.sp2.,Discoid,Thin,No,8,6.283185307,Orbilia,Orbiliaceae,Orbiliales,Orbiliomycetes,Ascomycota
Orbilia.sp3.,Discoid,Thin,No,2.090909091,17.48610471,Orbilia,Orbiliaceae,Orbiliales,Orbiliomycetes,Ascomycota
Orbilia.sp4.,Discoid,Thin,No,3.636363636,3.801327111,Orbilia,Orbiliaceae,Orbiliales,Orbiliomycetes,Ascomycota
Orbilia.sp5.,Discoid,Thin,No,5.916666667,8.029910823,Orbilia,Orbiliaceae,Orbiliales,Orbiliomycetes,Ascomycota
Orbilia.sp6.,Discoid,Thin,No,4.857142857,1.30847334,Orbilia,Orbiliaceae,Orbiliales,Orbiliomycetes,Ascomycota
Orbilia.sp7.,Discoid,Thin,No,7.210526316,38.84343697,Orbilia,Orbiliaceae,Orbiliales,Orbiliomycetes,Ascomycota
Orbilia.sp8.,Discoid,Thin,No,6.111111111,3.498948818,Orbilia,Orbiliaceae,Orbiliales,Orbiliomycetes,Ascomycota
Otidea.tuomikoskii,Gilled,Thin,No,1.791666667,303.9490892,Otidea,Pyronemataceae,Pezizales,Pezizomycetes,Ascomycota
Oxyporus.corticola,Resupinate,Thin,No,1.418918919,56.4485295,Oxyporus,Schizoporaceae,Hymenochaetales,Agaricomycetes,Basidiomycota
Panellus.mitis,Gilled,Thin,No,3.8,5.829126994,Panellus,Mycenaceae,Agaricales,Agaricomycetes,Basidiomycota
Panellus.serotinus,Gilled,Thin,No,3.166666667,8.393942871,Panellus,Mycenaceae,Agaricales,Agaricomycetes,Basidiomycota
Panus.conchatus,Gilled,Thin,No,2.083333333,44.17864669,Panus,Polyporaceae,Polyporales,Agaricomycetes,Basidiomycota
Patinellaria.sanguinea,Discoid,Thin,No,2.615384615,70.51402886,Patinellaria,Helotiaceae,Helotiales,Leotiomycetes,Ascomycota
Paullicorticium.pearsonii,Resupinate,Thin,No,2.8,34.36116965,Paullicorticium,Hydnaceae,Cantharellales,Agaricomycetes,Basidiomycota
Paullicorticium.seorsum,Resupinate,Thin,No,1.333333333,55.22330836,Paullicorticium,Hydnaceae,Cantharellales,Agaricomycetes,Basidiomycota
Peniophora.incarnata,Resupinate,Thin,No,2.25,113.0973355,Peniophora,Peniophoraceae,Russulales,Agaricomycetes,Basidiomycota
Peniophora.laurentii,Resupinate,Thin,No,2.444444444,174.9474409,Peniophora,Peniophoraceae,Russulales,Agaricomycetes,Basidiomycota
Peniophora.nuda,Resupinate,Thin,No,3.272727273,53.4561625,Peniophora,Peniophoraceae,Russulales,Agaricomycetes,Basidiomycota
Peniophora.pithya,Resupinate,Thin,No,2.5,30.67961576,Peniophora,Peniophoraceae,Russulales,Agaricomycetes,Basidiomycota
Peniophora.polygonia,Resupinate,Thin,No,3.384615385,91.25344911,Peniophora,Peniophoraceae,Russulales,Agaricomycetes,Basidiomycota
Peniophora.violaceolivida,Resupinate,Thin,No,3.090909091,50.48637569,Peniophora,Peniophoraceae,Russulales,Agaricomycetes,Basidiomycota
Peniophorella.guttuliferum,Resupinate,Thin,No,2.538461538,68.44008683,Peniophorella,Rickenellaceae,Hymenochaetales,Agaricomycetes,Basidiomycota
Peniophorella.pallida,Resupinate,Thin,No,2.666666667,56.54866776,Peniophorella,Rickenellaceae,Hymenochaetales,Agaricomycetes,Basidiomycota
Peniophorella.praetermissa,Resupinate,Thin,No,2.105263158,177.2054606,Peniophorella,Meruliaceae,Polyporales,Agaricomycetes,Basidiomycota
Peniophorella.pubera,Resupinate,Thin,No,2,120.5831618,Peniophorella,Meruliaceae,Polyporales,Agaricomycetes,Basidiomycota
Perenniporia.subacida,Resupinate,Thick,No,1.263157895,54.4375175,Perenniporia,Polyporaceae,Polyporales,Agaricomycetes,Basidiomycota
Peziza.cf.arvernensis,Discoid,Thick,Yes,1.769230769,1287.917998,Peziza,Pezizacea,Pezizales,Pezizomycetes,Ascomycota
Pezizella.sp1.,Discoid,Thin,No,3.566666667,75.63384314,Pezizella,Hyaloscyphaceae,Helotiales,Leotiomycetes,Ascomycota
Pezizella.sp2.,Discoid,Thin,No,3.95,24.81858196,Pezizella,Hyaloscyphaceae,Helotiales,Leotiomycetes,Ascomycota
Phaeohelotium.sp1.,Discoid,Thin,No,3.6,44.17864669,Phaeohelotium,Helotiaceae,Helotiales,Leotiomycetes,Ascomycota
Phaeohelotium.sp2.,Discoid,Thin,No,2.894736842,15.59408053,Phaeohelotium,Helotiaceae,Helotiales,Leotiomycetes,Ascomycota
Phaeohelotium.sp3.,Discoid,Thin,No,2.684210526,14.45996559,Phaeohelotium,Helotiaceae,Helotiales,Leotiomycetes,Ascomycota
Phanerochaete.calotricha,Resupinate,Thin,No,1.777777778,15.90431281,Phanerochaete,Phanerochaetaceae,Polyporales,Agaricomycetes,Basidiomycota
Phanerochaete.laevis,Resupinate,Thin,No,2.090909091,34.15254826,Phanerochaete,Phanerochaetaceae,Polyporales,Agaricomycetes,Basidiomycota
Phanerochaete.sordida,Resupinate,Thin,No,2.181818182,35.63744166,Phanerochaete,Phanerochaetaceae,Polyporales,Agaricomycetes,Basidiomycota
Phanerochaete.velutina,Resupinate,Thin,No,2.181818182,35.63744166,Phanerochaete,Phanerochaetaceae,Polyporales,Agaricomycetes,Basidiomycota
Phellinus.ferrugineofuscus,Resupinate,Thin,No,2.896551724,6.935458482,Phellinus,Hymenochaetaceae,Hymenochaetales,Agaricomycetes,Basidiomycota
Phellinus.igniarius.coll,Pileate,Thick,No,1.153846154,127.422998,Phellinus,Hymenochaetaceae,Hymenochaetales,Agaricomycetes,Basidiomycota
Phellinus.laevigatus,Resupinate,Thick,No,1.309859155,46.02560865,Phellinus,Hymenochaetaceae,Hymenochaetales,Agaricomycetes,Basidiomycota
Phellinus.lundellii,Pileate,Thick,No,1.238636364,82.86893102,Phellinus,Hymenochaetaceae,Hymenochaetales,Agaricomycetes,Basidiomycota
Phellinus.nigrolimitatus,Pileate,Thin,No,2.444444444,21.86843011,Phellinus,Hymenochaetaceae,Hymenochaetales,Agaricomycetes,Basidiomycota
Phellinus.tremulae,Pileate,Thick,No,1.35443038,65.55983542,Phellinus,Hymenochaetaceae,Hymenochaetales,Agaricomycetes,Basidiomycota
Phellinus.viticola,Pileate,Thin,No,3.777777778,17.30389234,Phellinus,Hymenochaetaceae,Hymenochaetales,Agaricomycetes,Basidiomycota
Phialocephala.piceae,Discoid,Thin,No,4.222222222,37.77274292,Phialocephala,Vibrisseaceae,Helotiales,Leotiomycetes,Ascomycota
Phlebia.centrifuga,Resupinate,Thin,No,2.727272727,44.54680208,Phlebia,Meruliaceae,Polyporales,Agaricomycetes,Basidiomycota
Phlebia.femsjoeensis,Resupinate,Thin,No,2,17.89235191,Phlebia,Meruliaceae,Polyporales,Agaricomycetes,Basidiomycota
Phlebia.lilascens.coll,Resupinate,Thin,No,1.888888889,16.89833236,Phlebia,Meruliaceae,Polyporales,Agaricomycetes,Basidiomycota
Phlebia.livida,Resupinate,Thin,No,2.444444444,21.86843011,Phlebia,Meruliaceae,Polyporales,Agaricomycetes,Basidiomycota
Phlebia.radiata,Resupinate,Thin,No,2.571428571,10.82376844,Phlebia,Meruliaceae,Polyporales,Agaricomycetes,Basidiomycota
Phlebia.rufa,Resupinate,Thin,No,2.444444444,21.86843011,Phlebia,Meruliaceae,Polyporales,Agaricomycetes,Basidiomycota
Phlebia.segregata,Resupinate,Thin,No,2.888888889,25.84450831,Phlebia,Meruliaceae,Polyporales,Agaricomycetes,Basidiomycota
Phlebia.serialis,Resupinate,Thin,No,3.333333333,11.76035575,Phlebia,Meruliaceae,Polyporales,Agaricomycetes,Basidiomycota
Phlebia.subserialis,Resupinate,Thin,No,2.888888889,25.84450831,Phlebia,Meruliaceae,Polyporales,Agaricomycetes,Basidiomycota
Phlebia.subulata,Resupinate,Thin,No,1.727272727,28.21297465,Phlebia,Meruliaceae,Polyporales,Agaricomycetes,Basidiomycota
Phlebia.tuberculata,Resupinate,Thin,No,2.25,47.71293843,Phlebia,Meruliaceae,Polyporales,Agaricomycetes,Basidiomycota
Phlebiella.christiansenii,Pileate,Thin,Yes,1.529411765,92.21065312,Phlebiella,Xenasmataceae,Polyporales,Agaricomycetes,Basidiomycota
Phlebiopsis.gigantea,Resupinate,Thin,No,2.230769231,60.14431873,Phlebiopsis,Phanerochaetaceae,Polyporales,Agaricomycetes,Basidiomycota
Phloeomana.clavata,Gilled,Thin,No,1.25,212.0575041,Phloeomana,Porotheleaceae,Agaricales,Agaricomycetes,Basidiomycota
Phloeomana.hiemalis,Gilled,Thin,No,1.377358491,161.0513912,Phloeomana,Porotheleaceae,Agaricales,Agaricomycetes,Basidiomycota
Phloeomana.speirea,Gilled,Thin,No,1.65,161.9883712,Phloeomana,Porotheleaceae,Agaricales,Agaricomycetes,Basidiomycota
Pholiota.flammans,Gilled,Thin,No,1.8,22.08932335,Pholiota,Strophariaceae,Agaricales,Agaricomycetes,Basidiomycota
Pholiota.scamba,Gilled,Thick,No,1.619047619,184.0040635,Pholiota,Strophariaceae,Agaricales,Agaricomycetes,Basidiomycota
Pholiota.squarrosa,Gilled,Thick,No,1.647058824,99.30378028,Pholiota,Strophariaceae,Agaricales,Agaricomycetes,Basidiomycota
Pholiota.tuberculosa,Gilled,Thick,No,1.684210526,141.7643685,Pholiota,Strophariaceae,Agaricales,Agaricomycetes,Basidiomycota
Piloderma.bicolor,Resupinate,Thick,No,1.3,15.95340019,Piloderma,Atheliaceae,Atheliales,Agaricomycetes,Basidiomycota
Piloderma.byssinum,Resupinate,Thick,No,1.266666667,52.46214295,Piloderma,Atheliaceae,Atheliales,Agaricomycetes,Basidiomycota
Piloderma.olivaceum,Resupinate,Thick,No,1.3,15.95340019,Piloderma,Atheliaceae,Atheliales,Agaricomycetes,Basidiomycota
Piloderma.sp1.,Resupinate,Thick,No,1.274193548,29.81332158,Piloderma,Atheliaceae,Atheliales,Agaricomycetes,Basidiomycota
Piloderma.sphaerosporum,Resupinate,Thick,No,1.206896552,23.11819494,Piloderma,Atheliaceae,Atheliales,Agaricomycetes,Basidiomycota
Pisorisporium.sp.,Pyrenoid,Thin,No,11.59493671,561.2412079,Pisorisporium,Pisorisporiaceae,Pisorisporiales,Sordariomycetes,Ascomycota
Platystomum.obtectum,Pyrenoid,Thick,No,2.736842105,1842.93679,Platystomum,Lophiostomataceae,Pleosporales,Dothideomycetes,Ascomycota
Pleurotus.pulmonarius,Gilled,Thin,No,2.533333333,104.9242859,Pleurotus,Pleurotacea,Agaricales,Agaricomycetes,Basidiomycota
Pluteus.cervinus,Gilled,Thin,No,1.39047619,158.0270192,Pluteus,Pluteaceae,Agaricales,Agaricomycetes,Basidiomycota
Pluteus.podospileus,Gilled,Thin,No,1.238095238,140.7089897,Pluteus,Pluteaceae,Agaricales,Agaricomycetes,Basidiomycota
Pluteus.semibulbosus,Gilled,Thin,No,1.227272727,160.3684875,Pluteus,Pluteaceae,Agaricales,Agaricomycetes,Basidiomycota
Polydesmia.pruinosa,Discoid,Thin,No,3.888888889,278.3254742,Polydesmia,Hyaloscyphaceae,Helotiales,Leotiomycetes,Ascomycota
Postia.caesia,Pileate,Thin,No,3.4,9.012443925,Postia,Fomitopsidaceae,Polyporales,Agaricomycetes,Basidiomycota
Postia.fragilis,Pileate,Thin,No,3.516129032,10.28370903,Postia,Fomitopsidaceae,Polyporales,Agaricomycetes,Basidiomycota
Postia.guttulata,Pileate,Thin,No,1.75,19.00035237,Postia,Fomitopsidaceae,Polyporales,Agaricomycetes,Basidiomycota
Postia.leucomallella,Pileate,Thin,No,3.516129032,10.28370903,Postia,Fomitopsidaceae,Polyporales,Agaricomycetes,Basidiomycota
Postia.ptychogaster,Resupinate,Thick,No,1.914893617,19.51812611,Postia,Fomitopsidaceae,Polyporales,Agaricomycetes,Basidiomycota
Postia.rennyi,Resupinate,Thick,No,1.811320755,26.47420129,Postia,Fomitopsidaceae,Polyporales,Agaricomycetes,Basidiomycota
Postia.sericeomollis,Resupinate,Thick,No,1.976190476,14.37396449,Postia,Fomitopsidaceae,Polyporales,Agaricomycetes,Basidiomycota
Postia.tephroleuca,Pileate,Thin,No,3.166666667,8.393942871,Postia,Fomitopsidaceae,Polyporales,Agaricomycetes,Basidiomycota
Postia.undosa,Pileate,Thin,No,3.290322581,9.623287347,Postia,Fomitopsidaceae,Polyporales,Agaricomycetes,Basidiomycota
Propolis.farinosa,Discoid,Thin,No,3.583333333,607.8981785,Propolis,Rhytismataceae,Rhytismatales,Leotiomycetes,Ascomycota
Propolis.sp1.,Discoid,Thin,No,2.7,2120.575041,Propolis,Rhytismataceae,Rhytismatales,Leotiomycetes,Ascomycota
Protodontia.piceicola,Resupinate,Thin,No,1.125,56.54866776,Protodontia,Exidiaceae,Auriculariales,Agaricomycetes,Basidiomycota
Protodontia.subgelatinosa,Resupinate,Thin,No,1.368421053,115.1835494,Protodontia,Exidiaceae,Auriculariales,Agaricomycetes,Basidiomycota
Protounguicularia.transiens,Discoid,Thin,No,3.555555556,31.80862562,Protounguicularia,Hyaloscyphaceae,Helotiales,Leotiomycetes,Ascomycota
Pseudocosmospora.vilior,Pyrenoid,Thin,Yes,2.380952381,270.594211,Pseudocosmospora,Nectriaceae,Hypocreales,Sordariomycetes,Ascomycota
Pseudographis.pinicola,Discoid,Thick,No,5.222222222,2990.010808,Pseudographis,Triblidiaceae,Triblidiales,Leotiomycetes,Ascomycota
Pseudohydnum.gelatinosum,Pileate,Thin,No,1.136363636,148.4893403,Pseudohydnum,Exidiaceae,Auriculariales,Agaricomycetes,Basidiomycota
Pseudoplectania.nigrella,Discoid,Thin,No,1,1045.364955,Pseudoplectania,Sarcosomataceae,Pezizales,Pezizomycetes,Ascomycota
Pseudotomentella.flavovirens,Resupinate,Thick,Yes,1,215.6899706,Pseudotomentella,Thelephoraceae,Thelephorales,Agaricomycetes,Basidiomycota
Pseudotomentella.griseopergamacea,Resupinate,Thick,Yes,1,526.1554102,Pseudotomentella,Thelephoraceae,Thelephorales,Agaricomycetes,Basidiomycota
Pseudotomentella.humicola,Resupinate,Thick,Yes,1,269.39157,Pseudotomentella,Thelephoraceae,Thelephorales,Agaricomycetes,Basidiomycota
Pseudotomentella.mucidula,Resupinate,Thick,Yes,1,331.3398502,Pseudotomentella,Thelephoraceae,Thelephorales,Agaricomycetes,Basidiomycota
Pseudotomentella.nigra,Resupinate,Thick,Yes,1,572.5552611,Pseudotomentella,Thelephoraceae,Thelephorales,Agaricomycetes,Basidiomycota
Pseudotomentella.tristis,Resupinate,Thick,Yes,1.142857143,307.8760801,Pseudotomentella,Thelephoraceae,Thelephorales,Agaricomycetes,Basidiomycota
Psilocistella.cf.conincola,Discoid,Thin,No,2.363636364,38.60722847,Psilocistella,Hyaloscyphaceae,Helotiales,Leotiomycetes,Ascomycota
Psilocistella.obsoleta,Discoid,Thin,No,2.6,3.988350049,Psilocistella,Hyaloscyphaceae,Helotiales,Leotiomycetes,Ascomycota
Psilocistella.sp.tummakarva,Discoid,Thin,No,3.095238095,22.51343835,Psilocistella,Hyaloscyphaceae,Helotiales,Leotiomycetes,Ascomycota
Psilocistella.sp2.,Discoid,Thin,No,3.925,197.2920186,Psilocistella,Hyaloscyphaceae,Helotiales,Leotiomycetes,Ascomycota
Psilocistella.sp3.,Discoid,Thin,No,3.642857143,7.850840041,Psilocistella,Hyaloscyphaceae,Helotiales,Leotiomycetes,Ascomycota
Psilocistella.sp4.,Discoid,Thin,No,4.266666667,11.30973355,Psilocistella,Hyaloscyphaceae,Helotiales,Leotiomycetes,Ascomycota
Psilocistella.sp5.,Discoid,Thin,No,3.03030303,85.52985999,Psilocistella,Hyaloscyphaceae,Helotiales,Leotiomycetes,Ascomycota
Psilocistella.sp6.,Discoid,Thin,No,3.5,21.99114858,Psilocistella,Hyaloscyphaceae,Helotiales,Leotiomycetes,Ascomycota
Pycnoporellus.fulgens,Pileate,Thin,No,1.8,38.17035074,Pycnoporellus,Fomitopsidaceae,Polyporales,Agaricomycetes,Basidiomycota
Radulomyces.confluens,Resupinate,Thick,Yes,1,299.2980595,Radulomyces,Pterulaceae,Agaricales,Agaricomycetes,Basidiomycota
Rectipilus.fasciculatus,Resupinate,Thin,No,1.916666667,40.64435496,Rectipilus,Marasmiaceae,Agaricales,Agaricomycetes,Basidiomycota
Repetobasidium.vile,Resupinate,Thin,No,2.8,34.36116965,Repetobasidium,Repetobasidiaceae,Hymenochaetales,Agaricomycetes,Basidiomycota
Resinicium.bicolor,Resupinate,Thin,No,2.083333333,44.17864669,Resinicium,Meripilaceae,Polyporales,Agaricomycetes,Basidiomycota
Resinicium.furfuraceum,Resupinate,Thin,No,1.909090909,31.18276146,Resinicium,Meripilaceae,Polyporales,Agaricomycetes,Basidiomycota
Resupinatus.poriaeformis,Resupinate,Thin,No,1,113.6495686,Resupinatus,Tricholomataceae,Agaricales,Agaricomycetes,Basidiomycota
Rhizochaete.sulphurina,Resupinate,Thin,No,1.818181818,29.69786805,Rhizochaete,Amylocorticiaceae,Boletales,Agaricomycetes,Basidiomycota
Rhizochaete.violascens,Resupinate,Thin,No,1.692307692,45.62672455,Rhizochaete,Amylocorticiaceae,Boletales,Agaricomycetes,Basidiomycota
Rhizoctonia.fusisporus,Resupinate,Thick,No,6.25,39.26990817,Rhizoctonia,Ceratobasidiaceae,Cantharellales,Agaricomycetes,Basidiomycota
Rhizoctonia.ochracea,Resupinate,Thin,No,1.142857143,307.8760801,Rhizoctonia,Ceratobasidiaceae,Cantharellales,Agaricomycetes,Basidiomycota
Rhizoctonia.pseudocornigerum,Resupinate,Thin,No,2.857142857,96.21127502,Rhizoctonia,Ceratobasidiaceae,Cantharellales,Agaricomycetes,Basidiomycota
Rhodonia.placenta,Resupinate,Thin,No,2.16,26.50718801,Rhodonia,Polyporaceae,Polyporales,Agaricomycetes,Basidiomycota
Roridomyces.roridus,Gilled,Thin,No,2.210526316,186.0657336,Roridomyces,Mycenaceae,Agaricales,Agaricomycetes,Basidiomycota
Schizospora.paradoxa,Resupinate,Thin,No,1.480519481,66.35691638,Schizospora,Schizoporaceae,Hymenochaetales,Agaricomycetes,Basidiomycota
Scopuloides.rimosa,Resupinate,Thin,No,2.285714286,9.621127502,Scopuloides,Meruliaceae,Polyporales,Agaricomycetes,Basidiomycota
Scutellinia.scutellata,Discoid,Thick,Yes,1.681818182,1758.113789,Scutellinia,Pyronemataceae,Pezizales,Pezizomycetes,Ascomycota
Scytinostroma.galactinum,Resupinate,Thin,No,1.9,23.31650798,Scytinostroma,Lachnocladiaceae,Russulales,Agaricomycetes,Basidiomycota
Scytinostromella.heterogenea,Resupinate,Thick,Yes,1.416666667,30.04147975,Scytinostromella,Lachnocladiaceae,Russulales,Agaricomycetes,Basidiomycota
Sebacina.grisea,Resupinate,Thin,No,2.5,178.9235191,Sebacina,Sebacinaceae,Auriculariales,Agaricomycetes,Basidiomycota
Serpula.himantioides,Resupinate,Thick,Yes,1.909090909,249.4620916,Serpula,Serpulaceae,Boletales,Agaricomycetes,Basidiomycota
Sidera.lunata,Resupinate,Thin,No,2.5,4.313799412,Sidera,Repetobasidiaceae,Hymenochaetales,Agaricomycetes,Basidiomycota
Simocybe.centunculus,Gilled,Thick,No,1.45,142.3534171,Simocybe,Inocybeceae,Agaricales,Agaricomycetes,Basidiomycota
Simocybe.haustellaris,Gilled,Thick,No,1.545454545,201.9455028,Simocybe,Inocybeceae,Agaricales,Agaricomycetes,Basidiomycota
Sistotrema.aff.binucleosporum,Resupinate,Thin,No,2.151515152,7.590775074,Sistotrema,Hydnaceae,Cantharellales,Agaricomycetes,Basidiomycota
Sistotrema.aff.farinaceum,Resupinate,Thin,No,1.416666667,15.38123763,Sistotrema,Hydnaceae,Cantharellales,Agaricomycetes,Basidiomycota
Sistotrema.brinkmannii,Resupinate,Thin,No,2.023809524,14.72032508,Sistotrema,Hydnaceae,Cantharellales,Agaricomycetes,Basidiomycota
Sistotrema.coroniferum,Resupinate,Thin,No,2.666666667,23.85646921,Sistotrema,Hydnaceae,Cantharellales,Agaricomycetes,Basidiomycota
Sistotrema.coronilla,Resupinate,Thin,No,2.470588235,18.6194588,Sistotrema,Hydnaceae,Cantharellales,Agaricomycetes,Basidiomycota
Sistotrema.octosporum.coll,Resupinate,Thin,No,1.818181818,29.69786805,Sistotrema,Hydnaceae,Cantharellales,Agaricomycetes,Basidiomycota
Sistotrema.porulosum,Resupinate,Thin,No,1.7,20.86213872,Sistotrema,Hydnaceae,Cantharellales,Agaricomycetes,Basidiomycota
Sistotrema.raduloides,Resupinate,Thin,No,2.5,53.01437603,Sistotrema,Hydnaceae,Cantharellales,Agaricomycetes,Basidiomycota
Sistotrema.resinicystidium,Resupinate,Thin,No,1.8,22.08932335,Sistotrema,Hydnaceae,Cantharellales,Agaricomycetes,Basidiomycota
Sistotrema.sernanderi,Resupinate,Thin,No,2.181818182,35.63744166,Sistotrema,Hydnaceae,Cantharellales,Agaricomycetes,Basidiomycota
Sistotrema.sp.nov.,Resupinate,Thin,No,1.785714286,3.848451001,Sistotrema,Hydnaceae,Cantharellales,Agaricomycetes,Basidiomycota
Sistotremastrum.suecicum,Resupinate,Thin,No,3,12.62772985,Sistotremastrum,Hydnodontaceae,Trechisporales,Agaricomycetes,Basidiomycota
Sistotremella.perpusilla,Resupinate,Thick,No,1.777777778,15.90431281,Sistotremella,Hydnodontaceae,Trechisporales,Agaricomycetes,Basidiomycota
Skeletocutis.amorpha,Pileate,Thin,No,2.769230769,4.778362426,Skeletocutis,Polyporaceae,Polyporales,Agaricomycetes,Basidiomycota
Skeletocutis.biguttulata,Resupinate,Thin,No,3.821428571,8.235685141,Skeletocutis,Polyporaceae,Polyporales,Agaricomycetes,Basidiomycota
Skeletocutis.brevispora,Resupinate,Thin,No,2.666666667,5.15299735,Skeletocutis,Polyporaceae,Polyporales,Agaricomycetes,Basidiomycota
Skeletocutis.carneogrisea,Pileate,Thin,No,3.142857143,2.857474868,Skeletocutis,Polyporaceae,Polyporales,Agaricomycetes,Basidiomycota
Skeletocutis.kuehneri,Resupinate,Thin,No,4.44,1.784424627,Skeletocutis,Polyporaceae,Polyporales,Agaricomycetes,Basidiomycota
Skeletocutis.nivea,Pileate,Thin,No,6,1.988039101,Skeletocutis,Polyporaceae,Polyporales,Agaricomycetes,Basidiomycota
Skeletocutis.papyracea.subincarnata,Resupinate,Thin,No,3.103448276,7.430848373,Skeletocutis,Polyporaceae,Polyporales,Agaricomycetes,Basidiomycota
Skeletocutis.stellae,Resupinate,Thin,No,4.25,3.337942194,Skeletocutis,Polyporaceae,Polyporales,Agaricomycetes,Basidiomycota
Sphaerobasidium.minutum,Resupinate,Thin,No,1.384615385,37.33095645,Sphaerobasidium,Hydnodontaceae,Trechisporales,Agaricomycetes,Basidiomycota
Sphaerostilbella.berkeleyana,Resupinate,Thin,Yes,3.142857143,105.8324025,Sphaerostilbella,Hypocreaceae,Hypocreales,Sordariomycetes,Ascomycota
Steccherinum.lacerum,Resupinate,Thin,No,1.34375,34.58265193,Steccherinum,Meruliaceae,Polyporales,Agaricomycetes,Basidiomycota
Steccherinum.ochraceum,Resupinate,Thin,No,1.425531915,14.53016055,Steccherinum,Meruliaceae,Polyporales,Agaricomycetes,Basidiomycota
Stereum.hirsutum,Pileate,Thin,No,2.166666667,45.94579256,Stereum,Stereaceae,Russulales,Agaricomycetes,Basidiomycota
Stereum.rugosum,Pileate,Thin,No,1.9,186.5320638,Stereum,Stereaceae,Russulales,Agaricomycetes,Basidiomycota
Stereum.sanguinolentum,Pileate,Thin,No,3,63.61725124,Stereum,Stereaceae,Russulales,Agaricomycetes,Basidiomycota
Stereum.subtomentosum,Pileate,Thin,No,3,26.83852786,Stereum,Stereaceae,Russulales,Agaricomycetes,Basidiomycota
Stictis.cf.mollis,Discoid,Thin,No,91.82692308,649.0078033,Stictis,Stictidaceae,Ostropales,Lecanoromycetes,Ascomycota
Stictis.sp1.,Discoid,Thin,No,65.2173913,77.90168033,Stictis,Stictidaceae,Ostropales,Lecanoromycetes,Ascomycota
Strossmayeria.basitricha,Discoid,Thick,No,8.25,414.6902303,Strossmayeria,Helotiaceae,Helotiales,Leotiomycetes,Ascomycota
Strossmayeria.nigra,Discoid,Thick,No,8.783783784,349.4432778,Strossmayeria,Helotiaceae,Helotiales,Leotiomycetes,Ascomycota
Stypella.dubia,Resupinate,Thin,No,1.5,75.39822369,Stypella,Auriculariaceae,Auriculariales,Agaricomycetes,Basidiomycota
Stypella.vermiformis,Resupinate,Thin,No,1.333333333,55.22330836,Stypella,Exidiaceae,Auriculariales,Agaricomycetes,Basidiomycota
Subulicystidium.longisporum,Resupinate,Thin,No,4.909090909,80.18424374,Subulicystidium,Hydnodontaceae,Trechisporales,Agaricomycetes,Basidiomycota
Suillosporium.cystidiatum,Resupinate,Thin,No,3.25,163.362818,Suillosporium,Botryobasidiaceae,Cantharellales,Agaricomycetes,Basidiomycota
Tapinella.panuoides,Gilled,Thin,No,1.428571429,48.10563751,Tapinella,Tapinellaceae,Boletales,Agaricomycetes,Basidiomycota
Tomentella.badia,Resupinate,Thick,Yes,1,785.3981634,Tomentella,Thelephoraceae,Thelephorales,Agaricomycetes,Basidiomycota
Tomentella.botryoides,Resupinate,Thick,Yes,1.076923077,232.2815068,Tomentella,Thelephoraceae,Thelephorales,Agaricomycetes,Basidiomycota
Tomentella.brevispina,Resupinate,Thick,Yes,1,331.3398502,Tomentella,Thelephoraceae,Thelephorales,Agaricomycetes,Basidiomycota
Tomentella.bryophila,Resupinate,Thick,Yes,1,402.1238597,Tomentella,Thelephoraceae,Thelephorales,Agaricomycetes,Basidiomycota
Tomentella.cinerascens,Resupinate,Thick,Yes,1,113.6495686,Tomentella,Thelephoraceae,Thelephorales,Agaricomycetes,Basidiomycota
Tomentella.coerulea,Resupinate,Thick,Yes,1.074074074,259.4391027,Tomentella,Thelephoraceae,Thelephorales,Agaricomycetes,Basidiomycota
Tomentella.ellisii,Resupinate,Thick,Yes,1.259259259,304.1699825,Tomentella,Thelephoraceae,Thelephorales,Agaricomycetes,Basidiomycota
Tomentella.lapida,Resupinate,Thick,Yes,1,572.5552611,Tomentella,Thelephoraceae,Thelephorales,Agaricomycetes,Basidiomycota
Tomentella.lateritia,Resupinate,Thick,Yes,1,331.3398502,Tomentella,Thelephoraceae,Thelephorales,Agaricomycetes,Basidiomycota
Tomentella.lilacinogrisea,Resupinate,Thick,Yes,1.142857143,307.8760801,Tomentella,Thelephoraceae,Thelephorales,Agaricomycetes,Basidiomycota
Tomentella.sp1.,Resupinate,Thick,Yes,1.555555556,111.3301897,Tomentella,Thelephoraceae,Thelephorales,Agaricomycetes,Basidiomycota
Tomentella.sp2.,Resupinate,Thick,Yes,1.142857143,307.8760801,Tomentella,Thelephoraceae,Thelephorales,Agaricomycetes,Basidiomycota
Tomentella.stuposa,Resupinate,Thick,Yes,1,673.3807503,Tomentella,Thelephoraceae,Thelephorales,Agaricomycetes,Basidiomycota
Tomentella.sublilacina,Resupinate,Thick,Yes,1.1,364.4738352,Tomentella,Thelephoraceae,Thelephorales,Agaricomycetes,Basidiomycota
Tomentella.terrestris,Resupinate,Thick,Yes,1.232394366,346.4293124,Tomentella,Thelephoraceae,Thelephorales,Agaricomycetes,Basidiomycota
Tomentella.umbrinospora,Resupinate,Thick,Yes,1.071428571,288.633825,Tomentella,Thelephoraceae,Thelephorales,Agaricomycetes,Basidiomycota
Tomentella.viridescens,Resupinate,Thick,Yes,1,331.3398502,Tomentella,Thelephoraceae,Thelephorales,Agaricomycetes,Basidiomycota
Tomentella.viridula,Resupinate,Thick,Yes,1.172413793,350.9011732,Tomentella,Thelephoraceae,Thelephorales,Agaricomycetes,Basidiomycota
Tomentellopsis.bresadolana,Resupinate,Thick,Yes,1,169.6460033,Tomentellopsis,Thelephoraceae,Thelephorales,Agaricomycetes,Basidiomycota
Tomentellopsis.cf.submollis,Resupinate,Thick,Yes,1.210526316,101.8931399,Tomentellopsis,Thelephoraceae,Thelephorales,Agaricomycetes,Basidiomycota
Tomentellopsis.echinospora,Resupinate,Thick,Yes,1,98.17477042,Tomentellopsis,Thelephoraceae,Thelephorales,Agaricomycetes,Basidiomycota
Tomentellopsis.nigra,Resupinate,Thick,Yes,1,572.5552611,Tomentellopsis,Thelephoraceae,Thelephorales,Agaricomycetes,Basidiomycota
Tomentellopsis.sp1.,Resupinate,Thick,Yes,1,130.6706194,Tomentellopsis,Thelephoraceae,Thelephorales,Agaricomycetes,Basidiomycota
Trametes.hirsuta,Pileate,Thin,No,2.659090909,22.2377636,Trametes,Polyporaceae,Polyporales,Agaricomycetes,Basidiomycota
Trametes.ochracea,Pileate,Thin,No,2.555555556,39.50631302,Trametes,Polyporaceae,Polyporales,Agaricomycetes,Basidiomycota
Trametes.pubescens,Pileate,Thin,No,2.765957447,28.19284882,Trametes,Polyporaceae,Polyporales,Agaricomycetes,Basidiomycota
Trechispora.alnicola,Resupinate,Thin,Yes,1.275862069,24.43923465,Trechispora,Hydnodontaceae,Trechisporales,Agaricomycetes,Basidiomycota
Trechispora.byssinella,Resupinate,Thick,No,1.666666667,14.91029326,Trechispora,Hydnodontaceae,Trechisporales,Agaricomycetes,Basidiomycota
Trechispora.cohaerens,Resupinate,Thick,No,1.75,10.99557429,Trechispora,Hydnodontaceae,Trechisporales,Agaricomycetes,Basidiomycota
Trechispora.farinacea,Resupinate,Thick,Yes,1.2,49.70097753,Trechispora,Hydnodontaceae,Trechisporales,Agaricomycetes,Basidiomycota
Trechispora.hymenocystis,Resupinate,Thin,Yes,1.1875,59.69026042,Trechispora,Hydnodontaceae,Trechisporales,Agaricomycetes,Basidiomycota
Trechispora.kavinioides,Resupinate,Thick,No,1.555555556,13.91627371,Trechispora,Hydnodontaceae,Trechisporales,Agaricomycetes,Basidiomycota
Trechispora.laevis,Resupinate,Thin,Yes,1.233333333,26.15375884,Trechispora,Hydnodontaceae,Trechisporales,Agaricomycetes,Basidiomycota
Trechispora.microspora,Resupinate,Thin,Yes,1.307692308,35.25701443,Trechispora,Hydnodontaceae,Trechisporales,Agaricomycetes,Basidiomycota
Trechispora.minima,Resupinate,Thin,Yes,1.057142857,35.59817176,Trechispora,Hydnodontaceae,Trechisporales,Agaricomycetes,Basidiomycota
Trechispora.stellulata,Resupinate,Thin,Yes,1.083333333,22.97289628,Trechispora,Hydnodontaceae,Trechisporales,Agaricomycetes,Basidiomycota
Tremella.foliacea,Branched,Thin,No,1.193548387,436.350039,Tremella,Tremellaceae,Tremellales,Tremellomycetes,Basidiomycota
Tretomyces.cf.microsporus,Resupinate,Thick,No,1.090909091,9.123185066,Tretomyces,Atheliaceae,Atheliales,Agaricomycetes,Basidiomycota
Trichaptum.abietinum,Pileate,Thin,No,2.240740741,34.6395933,Trichaptum,Polyporaceae,Polyporales,Agaricomycetes,Basidiomycota
Trichoderma.minutisporum.pachybasioides,Stromatoid,Thin,Yes,1.319444444,48.34911094,Trichoderma,Hypocreaceae,Hypocreales,Sordariomycetes,Ascomycota
Trichoderma.pulvinatum,Stromatoid,Thin,Yes,1.5,31.80862562,Trichoderma,Hypocreaceae,Hypocreales,Sordariomycetes,Ascomycota
Trichoderma.strictipile,Stromatoid,Thin,Yes,1.103092784,98.8387264,Trichoderma,Hypocreaceae,Hypocreales,Sordariomycetes,Ascomycota
Trichoderma.viride,Stromatoid,Thin,Yes,1.466666667,60.7456392,Trichoderma,Hypocreaceae,Hypocreales,Sordariomycetes,Ascomycota
Tricholomopsis.decora,Gilled,Thin,No,1.409090909,184.1267819,Tricholomopsis,Tricholomataceae,Agaricales,Agaricomycetes,Basidiomycota
Trichophaeopsis.bicuspis,Discoid,Thick,No,1.383928571,1527.065357,Trichophaeopsis,Pyronemataceae,Pezizales,Pezizomycetes,Ascomycota
Trichosphaeria.notabilis,Pyrenoid,Thin,No,2.538461538,547.5206947,Trichosphaeria,Trichosphaeriaceae,Trichosphaeriales,Sordariomycetes,Ascomycota
Tubaria.conspersa,Gilled,Thin,No,1.434782609,214.2296209,Tubaria,Tubariaceae,Agaricales,Agaricomycetes,Basidiomycota
Tubaria.furfuracea,Gilled,Thin,No,1.571428571,178.5921792,Tubaria,Tubariaceae,Agaricales,Agaricomycetes,Basidiomycota
Tubulicrinis.accedens,Resupinate,Thin,No,1.525423729,30.75717383,Tubulicrinis,Hymenochaetaceae,Hymenochaetales,Agaricomycetes,Basidiomycota
Tubulicrinis.angustus,Resupinate,Thin,No,5,26.93523001,Tubulicrinis,Hymenochaetaceae,Hymenochaetales,Agaricomycetes,Basidiomycota
Tubulicrinis.borealis,Resupinate,Thin,No,3,18.84955592,Tubulicrinis,Hymenochaetaceae,Hymenochaetales,Agaricomycetes,Basidiomycota
Tubulicrinis.calothtrix,Resupinate,Thin,No,4,16.83697313,Tubulicrinis,Hymenochaetaceae,Hymenochaetales,Agaricomycetes,Basidiomycota
Tubulicrinis.chaetophorus,Resupinate,Thin,No,1.846153846,49.77460861,Tubulicrinis,Hymenochaetaceae,Hymenochaetales,Agaricomycetes,Basidiomycota
Tubulicrinis.glebulosus,Resupinate,Thin,No,4,20.70874064,Tubulicrinis,Hymenochaetaceae,Hymenochaetales,Agaricomycetes,Basidiomycota
Tubulicrinis.medius,Resupinate,Thin,No,4,16.83697313,Tubulicrinis,Hymenochaetaceae,Hymenochaetales,Agaricomycetes,Basidiomycota
Tubulicrinis.propinquus,Resupinate,Thin,No,4.242424242,14.9677255,Tubulicrinis,Hymenochaetaceae,Hymenochaetales,Agaricomycetes,Basidiomycota
Tubulicrinis.sororius,Resupinate,Thin,No,3.428571429,14.43169125,Tubulicrinis,Hymenochaetaceae,Hymenochaetales,Agaricomycetes,Basidiomycota
Tubulicrinis.strangulatus,Resupinate,Thin,No,1,14.6159653,Tubulicrinis,Hymenochaetaceae,Hymenochaetales,Agaricomycetes,Basidiomycota
Tubulicrinis.subulatus,Resupinate,Thin,No,4,16.83697313,Tubulicrinis,Hymenochaetaceae,Hymenochaetales,Agaricomycetes,Basidiomycota
Tulasnella.albida,Resupinate,Thin,No,1.222222222,87.47372045,Tulasnella,Tulasnellaceae,Cantharellales,Agaricomycetes,Basidiomycota
Tulasnella.allantospora,Resupinate,Thin,No,3,49.00148229,Tulasnella,Tulasnellaceae,Cantharellales,Agaricomycetes,Basidiomycota
Tulasnella.brinkmannii,Resupinate,Thin,No,3.157894737,265.8081909,Tulasnella,Tulasnellaceae,Cantharellales,Agaricomycetes,Basidiomycota
Tulasnella.cf.conidiata,Resupinate,Thin,No,1.428571429,384.8451001,Tulasnella,Tulasnellaceae,Cantharellales,Agaricomycetes,Basidiomycota
Tulasnella.cystidiophora,Resupinate,Thin,No,1,98.17477042,Tulasnella,Tulasnellaceae,Cantharellales,Agaricomycetes,Basidiomycota
Tulasnella.eichleriana,Resupinate,Thin,No,1.363636364,22.27340104,Tulasnella,Tulasnellaceae,Cantharellales,Agaricomycetes,Basidiomycota
Tulasnella.fuscoviolacea,Resupinate,Thin,No,2.823529412,170.2350519,Tulasnella,Tulasnellaceae,Cantharellales,Agaricomycetes,Basidiomycota
Tulasnella.pallida,Resupinate,Thin,No,1.739130435,259.6722678,Tulasnella,Tulasnellaceae,Cantharellales,Agaricomycetes,Basidiomycota
Tulasnella.subglobospora,Resupinate,Thin,No,1.153846154,248.873043,Tulasnella,Tulasnellaceae,Cantharellales,Agaricomycetes,Basidiomycota
Tulasnella.tomaculum,Resupinate,Thin,No,2,32.66765486,Tulasnella,Tulasnellaceae,Cantharellales,Agaricomycetes,Basidiomycota
Tulasnella.violea,Resupinate,Thin,No,1.3,127.6272016,Tulasnella,Tulasnellaceae,Cantharellales,Agaricomycetes,Basidiomycota
Tylospora.asterophora,Resupinate,Thin,No,1.176470588,70.93127163,Tylospora,Atheliaceae,Atheliales,Agaricomycetes,Basidiomycota
Tylospora.fibrillosa,Resupinate,Thin,Yes,1.315789474,110.7534129,Tylospora,Atheliaceae,Atheliales,Agaricomycetes,Basidiomycota
Tympanis.sp1.,Discoid,Thin,No,4.75,238.7610417,Tympanis,Tympanidaceae,Helotiales,Leotiomycetes,Ascomycota
Urceolella.sp.nov.,Discoid,Thin,No,2.612903226,61.13617844,Urceolella,Hyaloscyphaceae,Helotiales,Leotiomycetes,Ascomycota
Vaginatispora.cf.fuckelii,Pyrenoid,Thick,No,3.625,182.2123739,Vaginatispora,Massarinaceae,Pleosporales,Dothideomycetes,Ascomycota
Wallrothiella.congregata,Pyrenoid,Thin,No,1.222222222,10.93421506,Wallrothiella,Amplistromataceae,Sordariales,Sordariomycetes,Ascomycota
Vararia.investiens,Resupinate,Thin,No,3.076923077,82.95768101,Vararia,Lachnocladiaceae,Russulales,Agaricomycetes,Basidiomycota
Veluticeps.abietina,Pileate,Thin,No,2.444444444,174.9474409,Veluticeps,Gloophyllaceae,Gloeophyllales,Agaricomycetes,Basidiomycota
Xenasma.pulverulentum,Resupinate,Thin,Yes,1.666666667,282.7433388,Xenasma,Xenasmataceae,Polyporales,Agaricomycetes,Basidiomycota
Xenasma.rimicola,Resupinate,Thin,Yes,1.6,306.7961576,Xenasma,Xenasmataceae,Polyporales,Agaricomycetes,Basidiomycota
Xenasma.tulasnelloideum,Resupinate,Thin,Yes,1.222222222,87.47372045,Xenasma,Xenasmataceae,Polyporales,Agaricomycetes,Basidiomycota
Xenasmatella.borealis,Resupinate,Thin,Yes,1.692307692,45.62672455,Xenasmatella,Xenasmataceae,Polyporales,Agaricomycetes,Basidiomycota
Xenasmatella.subflavidocrisea,Resupinate,Thin,Yes,1.777777778,15.90431281,Xenasmatella,Xenasmataceae,Polyporales,Agaricomycetes,Basidiomycota
Xenasmatella.vaga,Resupinate,Thin,Yes,1.235294118,74.47783521,Xenasmatella,Xenasmataceae,Polyporales,Agaricomycetes,Basidiomycota
Xenolachne.longicornis,Discoid,Thin,No,3.230769231,87.10556506,Xenolachne,Tremellaceae,Tremellales,Tremellomycetes,Basidiomycota
Xeromphalina.campanella,Gilled,Thin,No,2,67.34789251,Xeromphalina,Mycenaceae,Agaricales,Agaricomycetes,Basidiomycota
Xeromphalina.picta,Gilled,Thin,No,1.666666667,119.2823461,Xeromphalina,Mycenaceae,Agaricales,Agaricomycetes,Basidiomycota
Xylodon.asperus,Resupinate,Thin,No,1.466666667,60.7456392,Xylodon,Schizoporaceae,Hymenochaetales,Agaricomycetes,Basidiomycota
Xylodon.borealis,Resupinate,Thin,No,1.333333333,55.22330836,Xylodon,Schizoporaceae,Hymenochaetales,Agaricomycetes,Basidiomycota
Xylodon.brevisetus,Resupinate,Thin,No,1.384615385,37.33095645,Xylodon,Schizoporaceae,Hymenochaetales,Agaricomycetes,Basidiomycota
Xylodon.detriticus,Resupinate,Thick,No,1.235294118,74.47783521,Xylodon,Schizoporaceae,Hymenochaetales,Agaricomycetes,Basidiomycota
Xylodon.nespori,Resupinate,Thin,No,2.333333333,20.87441056,Xylodon,Schizoporaceae,Hymenochaetales,Agaricomycetes,Basidiomycota
Xylodon.radula,Resupinate,Thin,No,2.769230769,74.66191291,Xylodon,Schizoporaceae,Hymenochaetales,Agaricomycetes,Basidiomycota
Xylodon.rimosissimus,Resupinate,Thin,No,1.466666667,60.7456392,Xylodon,Schizoporaceae,Hymenochaetales,Agaricomycetes,Basidiomycota
Xylodon.sambuci,Resupinate,Thick,No,1.4,57.98447378,Xylodon,Schizoporaceae,Hymenochaetales,Agaricomycetes,Basidiomycota
